tick;corrected_tick;remaining_distance;victim_harm;idle_time_robot;q_table_cps;q_table_cps_runs;q_table_basic;world_nr;tick_nr
3019;3000;16;300;1;;;"                     Move back and forth  Stand Still    Pick up      Drop     Break
[4, 'equal', False]              -13.342    -3.851031 -12.126750 -5.760000 -13.74825
[4, 'human', False]               -4.000    -5.400000  -2.250000 -0.500000  -8.15000
[4, 'human', True]                -4.000     0.000000   0.000000  0.000000   0.00000
[3, 'human', False]               -9.000   -42.125000  -4.500000 -4.850000  -8.25000
[3, 'human', True]                -7.000    -6.105000  -9.837500  0.000000  -6.00000
[3, 'equal', False]               -8.700    -9.940500  -5.887500 -2.250000 -11.00000
[2, 'equal', True]                -7.000   -15.500000   0.000000 -6.000000   0.00000
[2, 'equal', False]               -7.675   -23.000000 -16.500000  1.000000 -30.30000
[4, 'equal', True]                -5.728     0.000000  -0.603250  0.000000   0.00000
[4, 'robot', False]               -9.478    -7.833600 -10.521250 -6.812000  -7.50000
[4, 'robot', True]                -4.225    -4.662500   0.000000  0.000000   0.00000
[3, 'robot', True]                -7.150    -3.950000  -4.892625 -3.168000  -5.16800
[3, 'robot', False]              -10.200    -6.650000  -6.824250 -4.648125  -7.41500
[2, 'robot', True]                -7.000    -3.650000 -28.150000  0.000000   0.00000
[2, 'robot', False]               -4.000     4.780000  -4.000000 -1.150000  -2.00000
[3, 'equal', True]                 0.000     0.000000  -1.000000  0.000000   0.00000";1;3019
