human_selector_action;human_selector_location;robot_action;robot_location;robot_executing_cp;world_nr;tick_nr
;(3, 4);;(4, 4);False;1;0
MoveEast;(4, 4);;(4, 4);False;1;1
MoveEast;(5, 4);;(4, 4);1;1;2
;(5, 4);;(4, 4);1;1;3
;(5, 4);;(4, 4);1;1;4
MoveEast;(6, 4);;(4, 4);1;1;5
;(6, 4);;(4, 4);1;1;6
;(6, 4);;(4, 4);1;1;7
MoveEast;(7, 4);;(4, 4);1;1;8
;(7, 4);;(4, 4);1;1;9
;(7, 4);;(4, 4);1;1;10
MoveEast;(8, 4);;(4, 4);1;1;11
;(8, 4);;(4, 4);1;1;12
;(8, 4);;(4, 4);1;1;13
;(8, 4);;(4, 4);1;1;14
;(8, 4);;(4, 4);1;1;15
;(8, 4);;(4, 4);1;1;16
MoveNorth;(8, 3);;(4, 4);1;1;17
;(8, 3);;(4, 4);1;1;18
;(8, 3);;(4, 4);1;1;19
;(8, 3);;(4, 4);1;1;20
MoveNorth;(8, 2);;(4, 4);1;1;21
;(8, 2);;(4, 4);1;1;22
;(8, 2);;(4, 4);1;1;23
MoveNorth;(8, 1);;(4, 4);1;1;24
;(8, 1);;(4, 4);1;1;25
;(8, 1);;(4, 4);1;1;26
MoveEast;(9, 1);;(4, 4);1;1;27
;(9, 1);;(4, 4);1;1;28
;(9, 1);;(4, 4);1;1;29
;(9, 1);;(4, 4);1;1;30
;(9, 1);;(4, 4);1;1;31
;(9, 1);;(4, 4);1;1;32
;(9, 1);;(4, 4);1;1;33
MoveEast;(10, 1);;(4, 4);1;1;34
;(10, 1);;(4, 4);1;1;35
;(10, 1);;(4, 4);1;1;36
;(10, 1);;(4, 4);1;1;37
MoveSouth;(10, 2);;(4, 4);1;1;38
;(10, 2);;(4, 4);1;1;39
;(10, 2);;(4, 4);1;1;40
;(10, 2);;(4, 4);1;1;41
;(10, 2);;(4, 4);1;1;42
;(10, 2);;(4, 4);1;1;43
;(10, 2);;(4, 4);1;1;44
;(10, 2);;(4, 4);1;1;45
;(10, 2);;(4, 4);1;1;46
;(10, 2);;(4, 4);1;1;47
;(10, 2);;(4, 4);1;1;48
;(10, 2);;(4, 4);1;1;49
;(10, 2);;(4, 4);1;1;50
;(10, 2);;(4, 4);1;1;51
;(10, 2);;(4, 4);1;1;52
;(10, 2);;(4, 4);1;1;53
;(10, 2);;(4, 4);1;1;54
;(10, 2);;(4, 4);1;1;55
;(10, 2);;(4, 4);1;1;56
;(10, 2);;(4, 4);1;1;57
;(10, 2);;(4, 4);1;1;58
;(10, 2);;(4, 4);1;1;59
;(10, 2);;(4, 4);1;1;60
;(10, 2);;(4, 4);1;1;61
GrabObject;(10, 2);;(4, 4);1;1;62
;(10, 2);;(4, 4);1;1;63
;(10, 2);MoveEast;(4, 4);1;1;64
;(10, 2);MoveEast;(4, 4);1;1;65
MoveWest;(9, 2);MoveEast;(4, 4);1;1;66
;(9, 2);MoveEast;(4, 4);1;1;67
;(9, 2);MoveEast;(4, 4);1;1;68
MoveWest;(8, 2);MoveEast;(4, 4);1;1;69
;(8, 2);MoveEast;(4, 4);1;1;70
;(8, 2);MoveEast;(4, 4);1;1;71
MoveWest;(7, 2);MoveEast;(4, 4);1;1;72
;(7, 2);MoveEast;(4, 4);1;1;73
;(7, 2);MoveEast;(5, 4);1;1;74
;(7, 2);MoveEast;(5, 4);1;1;75
MoveWest;(6, 2);MoveEast;(5, 4);1;1;76
;(6, 2);MoveEast;(5, 4);1;1;77
;(6, 2);MoveEast;(5, 4);1;1;78
MoveWest;(5, 2);MoveEast;(5, 4);1;1;79
;(5, 2);MoveEast;(5, 4);1;1;80
DropObject;(5, 2);MoveEast;(5, 4);1;1;81
;(5, 2);MoveEast;(5, 4);1;1;82
;(5, 2);MoveEast;(5, 4);1;1;83
;(5, 2);MoveEast;(5, 4);1;1;84
;(5, 2);MoveEast;(6, 4);1;1;85
MoveEast;(6, 2);MoveEast;(6, 4);1;1;86
;(6, 2);MoveEast;(6, 4);1;1;87
;(6, 2);MoveEast;(6, 4);1;1;88
;(6, 2);MoveEast;(6, 4);1;1;89
MoveEast;(7, 2);MoveEast;(6, 4);1;1;90
;(7, 2);MoveEast;(6, 4);1;1;91
;(7, 2);MoveEast;(6, 4);1;1;92
;(7, 2);MoveEast;(6, 4);1;1;93
MoveEast;(8, 2);MoveEast;(6, 4);1;1;94
;(8, 2);MoveEast;(6, 4);1;1;95
;(8, 2);MoveEast;(7, 4);1;1;96
;(8, 2);MoveNorthEast;(7, 4);1;1;97
;(8, 2);MoveNorthEast;(7, 4);1;1;98
MoveSouth;(8, 3);MoveNorthEast;(7, 4);1;1;99
;(8, 3);MoveNorthEast;(7, 4);1;1;100
;(8, 3);MoveNorthEast;(7, 4);1;1;101
;(8, 3);MoveNorthEast;(7, 4);1;1;102
MoveSouth;(8, 4);MoveNorthEast;(7, 4);1;1;103
;(8, 4);MoveNorthEast;(7, 4);1;1;104
;(8, 4);MoveNorthEast;(7, 4);1;1;105
;(8, 4);MoveNorthEast;(7, 4);1;1;106
;(8, 4);MoveNorthEast;(8, 3);1;1;107
;(8, 4);MoveEast;(8, 3);1;1;108
;(8, 4);MoveEast;(8, 3);1;1;109
;(8, 4);MoveEast;(8, 3);1;1;110
;(8, 4);MoveEast;(8, 3);1;1;111
;(8, 4);MoveEast;(8, 3);1;1;112
;(8, 4);MoveEast;(8, 3);1;1;113
;(8, 4);MoveEast;(8, 3);1;1;114
;(8, 4);MoveEast;(8, 3);1;1;115
;(8, 4);MoveEast;(8, 3);1;1;116
;(8, 4);MoveEast;(8, 3);1;1;117
GrabObject;(8, 4);MoveEast;(9, 3);1;1;118
;(8, 4);BreakObject;(9, 3);1;1;119
;(8, 4);BreakObject;(9, 3);1;1;120
;(8, 4);BreakObject;(9, 3);1;1;121
MoveWest;(7, 4);BreakObject;(9, 3);1;1;122
;(7, 4);BreakObject;(9, 3);1;1;123
;(7, 4);BreakObject;(9, 3);1;1;124
MoveWest;(6, 4);BreakObject;(9, 3);1;1;125
;(6, 4);BreakObject;(9, 3);1;1;126
;(6, 4);BreakObject;(9, 3);1;1;127
;(6, 4);BreakObject;(9, 3);1;1;128
MoveWest;(5, 4);BreakObject;(9, 3);1;1;129
;(5, 4);;(9, 3);1;1;130
;(5, 4);;(9, 3);1;1;131
MoveWest;(4, 4);;(9, 3);1;1;132
;(4, 4);;(9, 3);1;1;133
;(4, 4);;(9, 3);1;1;134
MoveWest;(3, 4);;(9, 3);1;1;135
;(3, 4);;(9, 3);1;1;136
;(3, 4);;(9, 3);1;1;137
DropObject;(3, 4);;(9, 3);1;1;138
;(3, 4);;(9, 3);1;1;139
;(3, 4);;(9, 3);1;1;140
;(3, 4);;(9, 3);1;1;141
;(3, 4);;(9, 3);1;1;142
;(3, 4);;(9, 3);1;1;143
;(3, 4);;(9, 3);1;1;144
;(3, 4);;(9, 3);1;1;145
;(3, 4);;(9, 3);1;1;146
MoveEast;(4, 4);;(9, 3);1;1;147
;(4, 4);;(9, 3);1;1;148
;(4, 4);;(9, 3);1;1;149
;(4, 4);;(9, 3);1;1;150
;(4, 4);;(9, 3);1;1;151
MoveEast;(5, 4);;(9, 3);1;1;152
;(5, 4);;(9, 3);1;1;153
;(5, 4);;(9, 3);1;1;154
;(5, 4);;(9, 3);1;1;155
MoveEast;(6, 4);;(9, 3);1;1;156
;(6, 4);;(9, 3);1;1;157
;(6, 4);;(9, 3);1;1;158
;(6, 4);;(9, 3);1;1;159
MoveEast;(7, 4);;(9, 3);1;1;160
;(7, 4);;(9, 3);1;1;161
;(7, 4);;(9, 3);1;1;162
MoveEast;(8, 4);;(9, 3);1;1;163
;(8, 4);;(9, 3);1;1;164
;(8, 4);;(9, 3);1;1;165
MoveEast;(9, 4);;(9, 3);1;1;166
;(9, 4);;(9, 3);1;1;167
;(9, 4);;(9, 3);1;1;168
MoveEast;(10, 4);;(9, 3);1;1;169
;(10, 4);;(9, 3);1;1;170
;(10, 4);;(9, 3);1;1;171
;(10, 4);;(9, 3);1;1;172
;(10, 4);;(9, 3);1;1;173
;(10, 4);;(9, 3);1;1;174
;(10, 4);;(9, 3);1;1;175
;(10, 4);;(9, 3);1;1;176
;(10, 4);;(9, 3);1;1;177
;(10, 4);;(9, 3);1;1;178
;(10, 4);;(9, 3);1;1;179
GrabObject;(10, 4);;(9, 3);1;1;180
;(10, 4);;(9, 3);1;1;181
;(10, 4);;(9, 3);1;1;182
MoveWest;(9, 4);;(9, 3);1;1;183
;(9, 4);;(9, 3);1;1;184
;(9, 4);;(9, 3);1;1;185
;(9, 4);;(9, 3);1;1;186
MoveWest;(8, 4);;(9, 3);1;1;187
;(8, 4);;(9, 3);1;1;188
;(8, 4);;(9, 3);1;1;189
MoveWest;(7, 4);;(9, 3);1;1;190
;(7, 4);;(9, 3);1;1;191
;(7, 4);;(9, 3);1;1;192
;(7, 4);;(9, 3);1;1;193
MoveWest;(6, 4);;(9, 3);1;1;194
;(6, 4);;(9, 3);1;1;195
;(6, 4);;(9, 3);1;1;196
MoveWest;(5, 4);;(9, 3);1;1;197
;(5, 4);;(9, 3);1;1;198
;(5, 4);;(9, 3);1;1;199
;(5, 4);;(9, 3);1;1;200
;(5, 4);;(9, 3);1;1;201
DropObject;(5, 4);;(9, 3);1;1;202
;(5, 4);;(9, 3);1;1;203
;(5, 4);;(9, 3);1;1;204
;(5, 4);;(9, 3);1;1;205
;(5, 4);;(9, 3);1;1;206
;(5, 4);;(9, 3);1;1;207
;(5, 4);;(9, 3);1;1;208
;(5, 4);;(9, 3);1;1;209
;(5, 4);;(9, 3);1;1;210
;(5, 4);;(9, 3);1;1;211
;(5, 4);;(9, 3);1;1;212
;(5, 4);;(9, 3);1;1;213
;(5, 4);;(9, 3);1;1;214
;(5, 4);;(9, 3);1;1;215
;(5, 4);;(9, 3);1;1;216
;(5, 4);;(9, 3);1;1;217
;(5, 4);;(9, 3);1;1;218
;(5, 4);;(9, 3);1;1;219
;(5, 4);;(9, 3);1;1;220
;(5, 4);;(9, 3);1;1;221
;(5, 4);;(9, 3);1;1;222
;(5, 4);;(9, 3);1;1;223
;(5, 4);;(9, 3);1;1;224
;(5, 4);;(9, 3);1;1;225
;(5, 4);;(9, 3);1;1;226
;(5, 4);;(9, 3);1;1;227
MoveSouth;(5, 5);;(9, 3);1;1;228
;(5, 5);;(9, 3);1;1;229
;(5, 5);;(9, 3);1;1;230
;(5, 5);;(9, 3);1;1;231
;(5, 5);;(9, 3);1;1;232
;(5, 5);;(9, 3);1;1;233
;(5, 5);;(9, 3);1;1;234
;(5, 5);;(9, 3);1;1;235
;(5, 5);;(9, 3);1;1;236
;(5, 5);;(9, 3);1;1;237
;(5, 5);;(9, 3);1;1;238
;(5, 5);;(9, 3);1;1;239
;(5, 5);;(9, 3);1;1;240
;(5, 5);;(9, 3);1;1;241
;(5, 5);;(9, 3);1;1;242
MoveEast;(6, 5);;(9, 3);1;1;243
;(6, 5);;(9, 3);1;1;244
;(6, 5);;(9, 3);1;1;245
;(6, 5);;(9, 3);1;1;246
MoveEast;(7, 5);;(9, 3);1;1;247
;(7, 5);;(9, 3);1;1;248
;(7, 5);;(9, 3);1;1;249
;(7, 5);;(9, 3);1;1;250
MoveEast;(8, 5);;(9, 3);1;1;251
;(8, 5);;(9, 3);1;1;252
;(8, 5);;(9, 3);1;1;253
MoveEast;(9, 5);;(9, 3);1;1;254
;(9, 5);;(9, 3);1;1;255
;(9, 5);;(9, 3);1;1;256
MoveEast;(10, 5);;(9, 3);1;1;257
;(10, 5);;(9, 3);1;1;258
;(10, 5);;(9, 3);1;1;259
;(10, 5);;(9, 3);1;1;260
;(10, 5);;(9, 3);1;1;261
;(10, 5);;(9, 3);1;1;262
;(10, 5);;(9, 3);1;1;263
;(10, 5);;(9, 3);1;1;264
;(10, 5);;(9, 3);1;1;265
;(10, 5);;(9, 3);1;1;266
GrabObject;(10, 5);;(9, 3);1;1;267
;(10, 5);;(9, 3);1;1;268
;(10, 5);;(9, 3);1;1;269
;(10, 5);;(9, 3);1;1;270
;(10, 5);;(9, 3);1;1;271
;(10, 5);;(9, 3);1;1;272
;(10, 5);;(9, 3);1;1;273
;(10, 5);;(9, 3);1;1;274
MoveWest;(9, 5);;(9, 3);1;1;275
;(9, 5);;(9, 3);1;1;276
;(9, 5);;(9, 3);1;1;277
;(9, 5);;(9, 3);1;1;278
MoveWest;(8, 5);;(9, 3);1;1;279
;(8, 5);;(9, 3);1;1;280
;(8, 5);;(9, 3);1;1;281
;(8, 5);;(9, 3);1;1;282
MoveWest;(7, 5);;(9, 3);1;1;283
;(7, 5);;(9, 3);1;1;284
;(7, 5);;(9, 3);1;1;285
MoveWest;(6, 5);;(9, 3);1;1;286
;(6, 5);;(9, 3);1;1;287
;(6, 5);;(9, 3);1;1;288
MoveWest;(5, 5);;(9, 3);1;1;289
;(5, 5);;(9, 3);1;1;290
;(5, 5);;(9, 3);1;1;291
MoveWest;(4, 5);;(9, 3);1;1;292
;(4, 5);;(9, 3);1;1;293
;(4, 5);;(9, 3);1;1;294
;(4, 5);;(9, 3);1;1;295
DropObject;(4, 5);;(9, 3);1;1;296
;(4, 5);;(9, 3);1;1;297
;(4, 5);;(9, 3);1;1;298
MoveEast;(5, 5);;(9, 3);1;1;299
;(5, 5);;(9, 3);1;1;300
;(5, 5);;(9, 3);1;1;301
;(5, 5);;(9, 3);1;1;302
MoveEast;(6, 5);;(9, 3);1;1;303
;(6, 5);;(9, 3);1;1;304
;(6, 5);;(9, 3);1;1;305
MoveEast;(7, 5);;(9, 3);1;1;306
;(7, 5);;(9, 3);1;1;307
;(7, 5);;(9, 3);1;1;308
MoveEast;(8, 5);;(9, 3);1;1;309
;(8, 5);;(9, 3);1;1;310
;(8, 5);;(9, 3);1;1;311
MoveEast;(9, 5);;(9, 3);1;1;312
;(9, 5);;(9, 3);1;1;313
;(9, 5);;(9, 3);1;1;314
;(9, 5);;(9, 3);1;1;315
;(9, 5);;(9, 3);1;1;316
;(9, 5);;(9, 3);1;1;317
;(9, 5);;(9, 3);1;1;318
;(9, 5);;(9, 3);1;1;319
GrabObject;(9, 5);;(9, 3);1;1;320
;(9, 5);;(9, 3);1;1;321
;(9, 5);;(9, 3);1;1;322
MoveWest;(8, 5);;(9, 3);1;1;323
;(8, 5);;(9, 3);1;1;324
;(8, 5);;(9, 3);1;1;325
MoveWest;(7, 5);;(9, 3);1;1;326
;(7, 5);;(9, 3);1;1;327
;(7, 5);;(9, 3);1;1;328
;(7, 5);;(9, 3);1;1;329
MoveWest;(6, 5);;(9, 3);1;1;330
;(6, 5);;(9, 3);1;1;331
;(6, 5);;(9, 3);1;1;332
MoveWest;(5, 5);;(9, 3);1;1;333
;(5, 5);;(9, 3);1;1;334
;(5, 5);;(9, 3);1;1;335
;(5, 5);;(9, 3);1;1;336
MoveWest;(4, 5);;(9, 3);1;1;337
;(4, 5);;(9, 3);1;1;338
;(4, 5);;(9, 3);1;1;339
;(4, 5);;(9, 3);1;1;340
DropObject;(4, 5);;(9, 3);1;1;341
;(4, 5);;(9, 3);1;1;342
;(4, 5);;(9, 3);1;1;343
;(4, 5);;(9, 3);1;1;344
;(4, 5);;(9, 3);1;1;345
MoveEast;(5, 5);;(9, 3);1;1;346
;(5, 5);;(9, 3);1;1;347
;(5, 5);;(9, 3);1;1;348
MoveEast;(6, 5);;(9, 3);1;1;349
;(6, 5);;(9, 3);1;1;350
;(6, 5);;(9, 3);1;1;351
MoveEast;(7, 5);;(9, 3);1;1;352
;(7, 5);;(9, 3);1;1;353
;(7, 5);;(9, 3);1;1;354
MoveEast;(8, 5);;(9, 3);1;1;355
;(8, 5);;(9, 3);1;1;356
;(8, 5);;(9, 3);1;1;357
MoveEast;(9, 5);;(9, 3);1;1;358
;(9, 5);;(9, 3);1;1;359
;(9, 5);;(9, 3);1;1;360
;(9, 5);;(9, 3);1;1;361
MoveEast;(10, 5);;(9, 3);1;1;362
;(10, 5);;(9, 3);1;1;363
;(10, 5);;(9, 3);1;1;364
MoveEast;(11, 5);;(9, 3);1;1;365
;(11, 5);;(9, 3);1;1;366
;(11, 5);;(9, 3);1;1;367
MoveEast;(12, 5);;(9, 3);1;1;368
;(12, 5);;(9, 3);1;1;369
;(12, 5);;(9, 3);1;1;370
;(12, 5);;(9, 3);1;1;371
;(12, 5);;(9, 3);1;1;372
;(12, 5);;(9, 3);1;1;373
GrabObject;(12, 5);;(9, 3);1;1;374
;(12, 5);;(9, 3);1;1;375
;(12, 5);;(9, 3);1;1;376
MoveWest;(11, 5);;(9, 3);1;1;377
;(11, 5);;(9, 3);1;1;378
;(11, 5);;(9, 3);1;1;379
MoveWest;(10, 5);;(9, 3);1;1;380
;(10, 5);;(9, 3);1;1;381
;(10, 5);;(9, 3);1;1;382
;(10, 5);;(9, 3);1;1;383
MoveWest;(9, 5);;(9, 3);1;1;384
;(9, 5);;(9, 3);1;1;385
;(9, 5);;(9, 3);1;1;386
MoveWest;(8, 5);;(9, 3);1;1;387
;(8, 5);;(9, 3);1;1;388
;(8, 5);;(9, 3);1;1;389
;(8, 5);;(9, 3);1;1;390
MoveWest;(7, 5);;(9, 3);1;1;391
;(7, 5);;(9, 3);1;1;392
;(7, 5);;(9, 3);1;1;393
MoveWest;(6, 5);;(9, 3);1;1;394
;(6, 5);;(9, 3);1;1;395
;(6, 5);;(9, 3);1;1;396
MoveWest;(5, 5);;(9, 3);1;1;397
;(5, 5);;(9, 3);1;1;398
;(5, 5);;(9, 3);1;1;399
;(5, 5);;(9, 3);1;1;400
GrabObject;(5, 5);;(9, 3);1;1;401
;(5, 5);;(9, 3);1;1;402
;(5, 5);;(9, 3);1;1;403
;(5, 5);;(9, 3);1;1;404
;(5, 5);;(9, 3);1;1;405
;(5, 5);;(9, 3);1;1;406
;(5, 5);;(9, 3);1;1;407
DropObject;(5, 5);;(9, 3);1;1;408
;(5, 5);;(9, 3);1;1;409
;(5, 5);;(9, 3);1;1;410
;(5, 5);;(9, 3);1;1;411
;(5, 5);;(9, 3);1;1;412
;(5, 5);;(9, 3);1;1;413
;(5, 5);;(9, 3);1;1;414
;(5, 5);;(9, 3);1;1;415
;(5, 5);;(9, 3);1;1;416
;(5, 5);;(9, 3);1;1;417
;(5, 5);;(9, 3);1;1;418
;(5, 5);;(9, 3);1;1;419
;(5, 5);;(9, 3);1;1;420
;(5, 5);;(9, 3);1;1;421
;(5, 5);;(9, 3);1;1;422
;(5, 5);;(9, 3);1;1;423
;(5, 5);;(9, 3);1;1;424
;(5, 5);;(9, 3);1;1;425
;(5, 5);;(9, 3);1;1;426
;(5, 5);;(9, 3);1;1;427
;(5, 5);;(9, 3);1;1;428
;(5, 5);;(9, 3);1;1;429
;(5, 5);;(9, 3);1;1;430
;(5, 5);;(9, 3);1;1;431
;(5, 5);;(9, 3);1;1;432
;(5, 5);;(9, 3);1;1;433
;(5, 5);;(9, 3);1;1;434
;(5, 5);;(9, 3);1;1;435
;(5, 5);;(9, 3);1;1;436
;(5, 5);;(9, 3);1;1;437
;(5, 5);;(9, 3);1;1;438
;(5, 5);;(9, 3);1;1;439
;(5, 5);;(9, 3);1;1;440
;(5, 5);;(9, 3);1;1;441
;(5, 5);;(9, 3);1;1;442
;(5, 5);;(9, 3);1;1;443
;(5, 5);;(9, 3);1;1;444
;(5, 5);;(9, 3);1;1;445
;(5, 5);;(9, 3);1;1;446
;(5, 5);;(9, 3);1;1;447
;(5, 5);;(9, 3);1;1;448
;(5, 5);;(9, 3);1;1;449
;(5, 5);;(9, 3);1;1;450
;(5, 5);;(9, 3);1;1;451
;(5, 5);;(9, 3);1;1;452
;(5, 5);;(9, 3);1;1;453
;(5, 5);;(9, 3);1;1;454
;(5, 5);;(9, 3);1;1;455
;(5, 5);;(9, 3);1;1;456
;(5, 5);;(9, 3);1;1;457
;(5, 5);;(9, 3);1;1;458
;(5, 5);;(9, 3);1;1;459
;(5, 5);;(9, 3);1;1;460
;(5, 5);;(9, 3);1;1;461
;(5, 5);;(9, 3);1;1;462
;(5, 5);;(9, 3);1;1;463
;(5, 5);;(9, 3);1;1;464
;(5, 5);;(9, 3);1;1;465
;(5, 5);;(9, 3);1;1;466
;(5, 5);;(9, 3);1;1;467
;(5, 5);;(9, 3);1;1;468
;(5, 5);;(9, 3);1;1;469
;(5, 5);;(9, 3);1;1;470
;(5, 5);;(9, 3);1;1;471
;(5, 5);;(9, 3);1;1;472
;(5, 5);;(9, 3);1;1;473
;(5, 5);;(9, 3);1;1;474
;(5, 5);;(9, 3);1;1;475
;(5, 5);;(9, 3);1;1;476
;(5, 5);;(9, 3);1;1;477
;(5, 5);;(9, 3);1;1;478
;(5, 5);;(9, 3);1;1;479
;(5, 5);;(9, 3);1;1;480
;(5, 5);;(9, 3);1;1;481
;(5, 5);;(9, 3);1;1;482
;(5, 5);;(9, 3);1;1;483
;(5, 5);;(9, 3);1;1;484
;(5, 5);;(9, 3);1;1;485
;(5, 5);;(9, 3);1;1;486
;(5, 5);;(9, 3);1;1;487
;(5, 5);;(9, 3);1;1;488
;(5, 5);;(9, 3);1;1;489
;(5, 5);;(9, 3);1;1;490
;(5, 5);;(9, 3);1;1;491
;(5, 5);;(9, 3);1;1;492
;(5, 5);;(9, 3);1;1;493
;(5, 5);;(9, 3);1;1;494
;(5, 5);;(9, 3);1;1;495
;(5, 5);;(9, 3);1;1;496
;(5, 5);;(9, 3);1;1;497
;(5, 5);;(9, 3);1;1;498
;(5, 5);;(9, 3);1;1;499
;(5, 5);;(9, 3);1;1;500
;(5, 5);;(9, 3);1;1;501
;(5, 5);;(9, 3);1;1;502
;(5, 5);;(9, 3);1;1;503
;(5, 5);;(9, 3);1;1;504
;(5, 5);;(9, 3);1;1;505
;(5, 5);;(9, 3);1;1;506
;(5, 5);;(9, 3);1;1;507
;(5, 5);;(9, 3);1;1;508
;(5, 5);;(9, 3);1;1;509
;(5, 5);;(9, 3);1;1;510
;(5, 5);;(9, 3);1;1;511
;(5, 5);;(9, 3);1;1;512
;(5, 5);;(9, 3);1;1;513
;(5, 5);;(9, 3);1;1;514
;(5, 5);;(9, 3);1;1;515
;(5, 5);;(9, 3);1;1;516
;(5, 5);;(9, 3);1;1;517
;(5, 5);;(9, 3);1;1;518
;(5, 5);;(9, 3);1;1;519
;(5, 5);;(9, 3);1;1;520
;(5, 5);;(9, 3);1;1;521
;(5, 5);;(9, 3);1;1;522
;(5, 5);;(9, 3);1;1;523
;(5, 5);;(9, 3);1;1;524
;(5, 5);;(9, 3);1;1;525
;(5, 5);;(9, 3);1;1;526
;(5, 5);;(9, 3);1;1;527
;(5, 5);;(9, 3);1;1;528
;(5, 5);;(9, 3);1;1;529
;(5, 5);;(9, 3);1;1;530
;(5, 5);;(9, 3);1;1;531
;(5, 5);;(9, 3);1;1;532
;(5, 5);;(9, 3);1;1;533
;(5, 5);;(9, 3);1;1;534
;(5, 5);;(9, 3);1;1;535
;(5, 5);;(9, 3);1;1;536
;(5, 5);;(9, 3);1;1;537
;(5, 5);;(9, 3);1;1;538
;(5, 5);;(9, 3);1;1;539
;(5, 5);;(9, 3);1;1;540
;(5, 5);;(9, 3);1;1;541
;(5, 5);;(9, 3);1;1;542
;(5, 5);;(9, 3);1;1;543
;(5, 5);;(9, 3);1;1;544
;(5, 5);;(9, 3);1;1;545
;(5, 5);;(9, 3);1;1;546
;(5, 5);;(9, 3);1;1;547
;(5, 5);;(9, 3);1;1;548
;(5, 5);;(9, 3);1;1;549
;(5, 5);;(9, 3);1;1;550
;(5, 5);;(9, 3);1;1;551
;(5, 5);;(9, 3);1;1;552
;(5, 5);;(9, 3);1;1;553
;(5, 5);;(9, 3);1;1;554
;(5, 5);;(9, 3);1;1;555
;(5, 5);;(9, 3);1;1;556
;(5, 5);;(9, 3);1;1;557
;(5, 5);;(9, 3);1;1;558
;(5, 5);;(9, 3);1;1;559
;(5, 5);;(9, 3);1;1;560
;(5, 5);;(9, 3);1;1;561
;(5, 5);;(9, 3);1;1;562
;(5, 5);;(9, 3);1;1;563
;(5, 5);;(9, 3);1;1;564
;(5, 5);;(9, 3);1;1;565
;(5, 5);;(9, 3);1;1;566
;(5, 5);;(9, 3);1;1;567
;(5, 5);;(9, 3);1;1;568
;(5, 5);;(9, 3);1;1;569
;(5, 5);;(9, 3);1;1;570
;(5, 5);;(9, 3);1;1;571
;(5, 5);;(9, 3);1;1;572
;(5, 5);;(9, 3);1;1;573
;(5, 5);;(9, 3);1;1;574
;(5, 5);;(9, 3);1;1;575
;(5, 5);;(9, 3);1;1;576
;(5, 5);;(9, 3);1;1;577
;(5, 5);;(9, 3);1;1;578
;(5, 5);;(9, 3);1;1;579
;(5, 5);;(9, 3);1;1;580
;(5, 5);;(9, 3);1;1;581
;(5, 5);;(9, 3);1;1;582
;(5, 5);;(9, 3);1;1;583
;(5, 5);;(9, 3);1;1;584
;(5, 5);;(9, 3);1;1;585
;(5, 5);;(9, 3);1;1;586
;(5, 5);;(9, 3);1;1;587
;(5, 5);;(9, 3);1;1;588
;(5, 5);;(9, 3);1;1;589
;(5, 5);;(9, 3);1;1;590
;(5, 5);;(9, 3);1;1;591
;(5, 5);;(9, 3);1;1;592
;(5, 5);;(9, 3);1;1;593
;(5, 5);;(9, 3);1;1;594
;(5, 5);;(9, 3);1;1;595
;(5, 5);;(9, 3);1;1;596
;(5, 5);;(9, 3);1;1;597
;(5, 5);;(9, 3);1;1;598
;(5, 5);;(9, 3);1;1;599
;(5, 5);;(9, 3);1;1;600
;(5, 5);;(9, 3);1;1;601
;(5, 5);;(9, 3);1;1;602
;(5, 5);;(9, 3);1;1;603
;(5, 5);;(9, 3);1;1;604
;(5, 5);;(9, 3);1;1;605
;(5, 5);;(9, 3);1;1;606
;(5, 5);;(9, 3);1;1;607
;(5, 5);;(9, 3);1;1;608
;(5, 5);;(9, 3);1;1;609
;(5, 5);;(9, 3);1;1;610
;(5, 5);;(9, 3);1;1;611
;(5, 5);;(9, 3);1;1;612
;(5, 5);;(9, 3);1;1;613
;(5, 5);;(9, 3);1;1;614
;(5, 5);;(9, 3);1;1;615
;(5, 5);;(9, 3);1;1;616
;(5, 5);;(9, 3);1;1;617
;(5, 5);;(9, 3);1;1;618
;(5, 5);;(9, 3);1;1;619
;(5, 5);;(9, 3);1;1;620
;(5, 5);;(9, 3);1;1;621
;(5, 5);;(9, 3);1;1;622
;(5, 5);;(9, 3);1;1;623
;(5, 5);;(9, 3);1;1;624
;(5, 5);;(9, 3);1;1;625
;(5, 5);;(9, 3);1;1;626
;(5, 5);;(9, 3);1;1;627
;(5, 5);;(9, 3);1;1;628
;(5, 5);;(9, 3);1;1;629
;(5, 5);;(9, 3);1;1;630
;(5, 5);;(9, 3);1;1;631
;(5, 5);;(9, 3);1;1;632
;(5, 5);;(9, 3);1;1;633
;(5, 5);;(9, 3);1;1;634
;(5, 5);;(9, 3);1;1;635
;(5, 5);;(9, 3);1;1;636
;(5, 5);;(9, 3);1;1;637
;(5, 5);;(9, 3);1;1;638
;(5, 5);;(9, 3);1;1;639
;(5, 5);;(9, 3);1;1;640
;(5, 5);;(9, 3);1;1;641
;(5, 5);;(9, 3);1;1;642
;(5, 5);;(9, 3);1;1;643
;(5, 5);;(9, 3);1;1;644
;(5, 5);;(9, 3);1;1;645
;(5, 5);;(9, 3);1;1;646
;(5, 5);;(9, 3);1;1;647
;(5, 5);;(9, 3);1;1;648
;(5, 5);;(9, 3);1;1;649
;(5, 5);;(9, 3);1;1;650
;(5, 5);;(9, 3);1;1;651
;(5, 5);;(9, 3);1;1;652
;(5, 5);;(9, 3);1;1;653
;(5, 5);;(9, 3);1;1;654
MoveEast;(6, 5);;(9, 3);1;1;655
;(6, 5);;(9, 3);1;1;656
;(6, 5);;(9, 3);1;1;657
;(6, 5);;(9, 3);1;1;658
MoveEast;(7, 5);;(9, 3);1;1;659
;(7, 5);;(9, 3);1;1;660
;(7, 5);;(9, 3);1;1;661
MoveEast;(8, 5);;(9, 3);1;1;662
;(8, 5);;(9, 3);1;1;663
;(8, 5);;(9, 3);1;1;664
;(8, 5);;(9, 3);1;1;665
;(8, 5);;(9, 3);1;1;666
;(8, 5);;(9, 3);1;1;667
;(8, 5);;(9, 3);1;1;668
MoveWest;(7, 5);;(9, 3);1;1;669
;(7, 5);;(9, 3);1;1;670
;(7, 5);;(9, 3);1;1;671
;(7, 5);;(9, 3);1;1;672
;(7, 5);;(9, 3);1;1;673
;(7, 5);;(9, 3);1;1;674
;(7, 5);;(9, 3);1;1;675
;(7, 5);;(9, 3);1;1;676
;(7, 5);;(9, 3);1;1;677
;(7, 5);;(9, 3);1;1;678
;(7, 5);;(9, 3);1;1;679
;(7, 5);;(9, 3);1;1;680
;(7, 5);;(9, 3);1;1;681
;(7, 5);;(9, 3);1;1;682
GrabObject;(7, 5);;(9, 3);1;1;683
;(7, 5);;(9, 3);1;1;684
;(7, 5);;(9, 3);1;1;685
MoveWest;(6, 5);;(9, 3);1;1;686
;(6, 5);;(9, 3);1;1;687
;(6, 5);;(9, 3);1;1;688
;(6, 5);;(9, 3);1;1;689
MoveWest;(5, 5);;(9, 3);1;1;690
;(5, 5);;(9, 3);1;1;691
;(5, 5);;(9, 3);1;1;692
MoveWest;(4, 5);;(9, 3);1;1;693
;(4, 5);;(9, 3);1;1;694
DropObject;(4, 5);;(9, 3);1;1;695
;(4, 5);;(9, 3);1;1;696
;(4, 5);;(9, 3);1;1;697
MoveEast;(5, 5);;(9, 3);1;1;698
;(5, 5);;(9, 3);1;1;699
;(5, 5);;(9, 3);1;1;700
MoveEast;(6, 5);;(9, 3);1;1;701
;(6, 5);;(9, 3);1;1;702
;(6, 5);;(9, 3);1;1;703
MoveEast;(7, 5);;(9, 3);1;1;704
;(7, 5);;(9, 3);1;1;705
;(7, 5);;(9, 3);1;1;706
;(7, 5);;(9, 3);1;1;707
;(7, 5);;(9, 3);1;1;708
MoveEast;(8, 5);;(9, 3);1;1;709
;(8, 5);;(9, 3);1;1;710
;(8, 5);;(9, 3);1;1;711
;(8, 5);;(9, 3);1;1;712
;(8, 5);;(9, 3);1;1;713
;(8, 5);;(9, 3);1;1;714
;(8, 5);;(9, 3);1;1;715
GrabObject;(8, 5);;(9, 3);1;1;716
MoveWest;(7, 5);;(9, 3);1;1;717
;(7, 5);;(9, 3);1;1;718
;(7, 5);;(9, 3);1;1;719
;(7, 5);;(9, 3);1;1;720
MoveWest;(6, 5);;(9, 3);1;1;721
;(6, 5);;(9, 3);1;1;722
;(6, 5);;(9, 3);1;1;723
MoveWest;(5, 5);;(9, 3);1;1;724
;(5, 5);;(9, 3);1;1;725
;(5, 5);;(9, 3);1;1;726
DropObject;(5, 5);;(9, 3);1;1;727
;(5, 5);;(9, 3);1;1;728
MoveEast;(6, 5);;(9, 3);1;1;729
;(6, 5);;(9, 3);1;1;730
;(6, 5);;(9, 3);1;1;731
;(6, 5);;(9, 3);1;1;732
MoveEast;(7, 5);;(9, 3);1;1;733
;(7, 5);;(9, 3);1;1;734
;(7, 5);;(9, 3);1;1;735
MoveEast;(8, 5);;(9, 3);1;1;736
;(8, 5);;(9, 3);1;1;737
;(8, 5);;(9, 3);1;1;738
;(8, 5);;(9, 3);1;1;739
;(8, 5);;(9, 3);1;1;740
MoveEast;(9, 5);;(9, 3);1;1;741
;(9, 5);;(9, 3);1;1;742
;(9, 5);;(9, 3);1;1;743
;(9, 5);;(9, 3);1;1;744
;(9, 5);;(9, 3);1;1;745
GrabObject;(9, 5);;(9, 3);1;1;746
;(9, 5);;(9, 3);1;1;747
MoveWest;(8, 5);;(9, 3);1;1;748
;(8, 5);;(9, 3);1;1;749
;(8, 5);;(9, 3);1;1;750
;(8, 5);;(9, 3);1;1;751
MoveWest;(7, 5);;(9, 3);1;1;752
;(7, 5);;(9, 3);1;1;753
;(7, 5);;(9, 3);1;1;754
MoveWest;(6, 5);;(9, 3);1;1;755
;(6, 5);;(9, 3);1;1;756
;(6, 5);;(9, 3);1;1;757
;(6, 5);;(9, 3);1;1;758
MoveWest;(5, 5);;(9, 3);1;1;759
;(5, 5);;(9, 3);1;1;760
;(5, 5);;(9, 3);1;1;761
MoveWest;(4, 5);;(9, 3);1;1;762
;(4, 5);;(9, 3);1;1;763
;(4, 5);;(9, 3);1;1;764
DropObject;(4, 5);;(9, 3);1;1;765
;(4, 5);;(9, 3);1;1;766
;(4, 5);;(9, 3);1;1;767
;(4, 5);;(9, 3);1;1;768
;(4, 5);;(9, 3);1;1;769
;(4, 5);;(9, 3);1;1;770
;(4, 5);;(9, 3);1;1;771
;(4, 5);;(9, 3);1;1;772
;(4, 5);;(9, 3);1;1;773
;(4, 5);;(9, 3);1;1;774
MoveEast;(5, 5);;(9, 3);1;1;775
;(5, 5);;(9, 3);1;1;776
;(5, 5);;(9, 3);1;1;777
;(5, 5);;(9, 3);1;1;778
MoveEast;(6, 5);;(9, 3);1;1;779
;(6, 5);;(9, 3);1;1;780
;(6, 5);;(9, 3);1;1;781
;(6, 5);;(9, 3);1;1;782
MoveEast;(7, 5);;(9, 3);1;1;783
;(7, 5);;(9, 3);1;1;784
;(7, 5);;(9, 3);1;1;785
MoveEast;(8, 5);;(9, 3);1;1;786
;(8, 5);;(9, 3);1;1;787
;(8, 5);;(9, 3);1;1;788
;(8, 5);;(9, 3);1;1;789
;(8, 5);;(9, 3);1;1;790
;(8, 5);;(9, 3);1;1;791
;(8, 5);;(9, 3);1;1;792
;(8, 5);;(9, 3);1;1;793
;(8, 5);;(9, 3);1;1;794
;(8, 5);;(9, 3);1;1;795
;(8, 5);;(9, 3);1;1;796
;(8, 5);;(9, 3);1;1;797
;(8, 5);;(9, 3);1;1;798
;(8, 5);;(9, 3);1;1;799
;(8, 5);;(9, 3);1;1;800
;(8, 5);;(9, 3);1;1;801
;(8, 5);;(9, 3);1;1;802
;(8, 5);;(9, 3);1;1;803
;(8, 5);;(9, 3);1;1;804
;(8, 5);;(9, 3);1;1;805
;(8, 5);;(9, 3);1;1;806
;(8, 5);;(9, 3);1;1;807
;(8, 5);;(9, 3);1;1;808
;(8, 5);;(9, 3);1;1;809
;(8, 5);;(9, 3);1;1;810
;(8, 5);;(9, 3);1;1;811
;(8, 5);;(9, 3);1;1;812
;(8, 5);;(9, 3);1;1;813
;(8, 5);;(9, 3);1;1;814
;(8, 5);;(9, 3);1;1;815
;(8, 5);;(9, 3);1;1;816
;(8, 5);;(9, 3);1;1;817
;(8, 5);;(9, 3);1;1;818
MoveEast;(9, 5);;(9, 3);1;1;819
;(9, 5);;(9, 3);1;1;820
;(9, 5);;(9, 3);1;1;821
;(9, 5);;(9, 3);1;1;822
;(9, 5);;(9, 3);1;1;823
;(9, 5);;(9, 3);1;1;824
;(9, 5);;(9, 3);1;1;825
MoveNorth;(9, 4);;(9, 3);1;1;826
;(9, 4);;(9, 3);1;1;827
;(9, 4);;(9, 3);1;1;828
;(9, 4);;(9, 3);1;1;829
;(9, 4);;(9, 3);1;1;830
MoveNorth;(9, 3);;(9, 3);1;1;831
;(9, 3);;(9, 3);1;1;832
;(9, 3);;(9, 3);1;1;833
MoveNorth;(9, 2);;(9, 3);1;1;834
;(9, 2);;(9, 3);1;1;835
;(9, 2);;(9, 3);1;1;836
;(9, 2);;(9, 3);1;1;837
;(9, 2);;(9, 3);1;1;838
;(9, 2);;(9, 3);1;1;839
;(9, 2);;(9, 3);1;1;840
;(9, 2);;(9, 3);1;1;841
;(9, 2);;(9, 3);1;1;842
;(9, 2);;(9, 3);1;1;843
;(9, 2);;(9, 3);1;1;844
;(9, 2);;(9, 3);1;1;845
;(9, 2);;(9, 3);1;1;846
;(9, 2);;(9, 3);1;1;847
;(9, 2);;(9, 3);1;1;848
;(9, 2);;(9, 3);1;1;849
;(9, 2);;(9, 3);1;1;850
;(9, 2);;(9, 3);1;1;851
;(9, 2);;(9, 3);1;1;852
;(9, 2);;(9, 3);1;1;853
;(9, 2);;(9, 3);1;1;854
;(9, 2);;(9, 3);1;1;855
;(9, 2);;(9, 3);1;1;856
MoveSouth;(9, 3);;(9, 3);1;1;857
;(9, 3);;(9, 3);1;1;858
;(9, 3);;(9, 3);1;1;859
MoveSouth;(9, 4);;(9, 3);1;1;860
;(9, 4);;(9, 3);1;1;861
;(9, 4);;(9, 3);1;1;862
MoveSouth;(9, 5);;(9, 3);1;1;863
;(9, 5);;(9, 3);1;1;864
;(9, 5);;(9, 3);1;1;865
MoveSouth;(9, 6);;(9, 3);1;1;866
;(9, 6);;(9, 3);1;1;867
;(9, 6);;(9, 3);1;1;868
;(9, 6);;(9, 3);1;1;869
;(9, 6);;(9, 3);1;1;870
;(9, 6);;(9, 3);1;1;871
;(9, 6);;(9, 3);1;1;872
;(9, 6);;(9, 3);1;1;873
;(9, 6);;(9, 3);1;1;874
;(9, 6);;(9, 3);1;1;875
;(9, 6);;(9, 3);1;1;876
;(9, 6);;(9, 3);1;1;877
;(9, 6);;(9, 3);1;1;878
;(9, 6);;(9, 3);1;1;879
;(9, 6);;(9, 3);1;1;880
;(9, 6);;(9, 3);1;1;881
;(9, 6);;(9, 3);1;1;882
;(9, 6);;(9, 3);1;1;883
;(9, 6);;(9, 3);1;1;884
;(9, 6);;(9, 3);1;1;885
;(9, 6);;(9, 3);1;1;886
;(9, 6);;(9, 3);1;1;887
;(9, 6);;(9, 3);1;1;888
;(9, 6);;(9, 3);1;1;889
;(9, 6);;(9, 3);1;1;890
;(9, 6);;(9, 3);1;1;891
;(9, 6);;(9, 3);1;1;892
;(9, 6);;(9, 3);1;1;893
;(9, 6);;(9, 3);1;1;894
;(9, 6);;(9, 3);1;1;895
;(9, 6);;(9, 3);1;1;896
;(9, 6);;(9, 3);1;1;897
;(9, 6);;(9, 3);1;1;898
;(9, 6);;(9, 3);1;1;899
;(9, 6);;(9, 3);1;1;900
;(9, 6);;(9, 3);1;1;901
;(9, 6);;(9, 3);1;1;902
;(9, 6);;(9, 3);1;1;903
;(9, 6);;(9, 3);1;1;904
;(9, 6);;(9, 3);1;1;905
;(9, 6);;(9, 3);1;1;906
;(9, 6);;(9, 3);1;1;907
;(9, 6);;(9, 3);1;1;908
;(9, 6);;(9, 3);1;1;909
;(9, 6);;(9, 3);1;1;910
;(9, 6);;(9, 3);1;1;911
;(9, 6);;(9, 3);1;1;912
;(9, 6);;(9, 3);1;1;913
;(9, 6);;(9, 3);1;1;914
;(9, 6);;(9, 3);1;1;915
;(9, 6);;(9, 3);1;1;916
;(9, 6);;(9, 3);1;1;917
;(9, 6);;(9, 3);1;1;918
;(9, 6);;(9, 3);1;1;919
;(9, 6);;(9, 3);1;1;920
;(9, 6);;(9, 3);1;1;921
;(9, 6);;(9, 3);1;1;922
;(9, 6);;(9, 3);1;1;923
;(9, 6);;(9, 3);1;1;924
;(9, 6);;(9, 3);1;1;925
;(9, 6);;(9, 3);1;1;926
;(9, 6);;(9, 3);1;1;927
;(9, 6);;(9, 3);1;1;928
;(9, 6);;(9, 3);1;1;929
;(9, 6);;(9, 3);1;1;930
;(9, 6);;(9, 3);1;1;931
;(9, 6);;(9, 3);1;1;932
;(9, 6);;(9, 3);1;1;933
;(9, 6);;(9, 3);1;1;934
;(9, 6);;(9, 3);1;1;935
;(9, 6);;(9, 3);1;1;936
;(9, 6);;(9, 3);1;1;937
;(9, 6);;(9, 3);1;1;938
;(9, 6);;(9, 3);1;1;939
;(9, 6);;(9, 3);1;1;940
;(9, 6);;(9, 3);1;1;941
;(9, 6);;(9, 3);1;1;942
;(9, 6);;(9, 3);1;1;943
;(9, 6);;(9, 3);1;1;944
;(9, 6);;(9, 3);1;1;945
;(9, 6);;(9, 3);1;1;946
;(9, 6);;(9, 3);1;1;947
;(9, 6);;(9, 3);1;1;948
;(9, 6);;(9, 3);1;1;949
;(9, 6);;(9, 3);1;1;950
;(9, 6);;(9, 3);1;1;951
;(9, 6);;(9, 3);1;1;952
;(9, 6);;(9, 3);1;1;953
;(9, 6);;(9, 3);1;1;954
;(9, 6);;(9, 3);1;1;955
;(9, 6);;(9, 3);1;1;956
;(9, 6);;(9, 3);1;1;957
;(9, 6);;(9, 3);1;1;958
;(9, 6);;(9, 3);1;1;959
;(9, 6);;(9, 3);1;1;960
;(9, 6);;(9, 3);1;1;961
;(9, 6);;(9, 3);1;1;962
;(9, 6);;(9, 3);1;1;963
;(9, 6);;(9, 3);1;1;964
;(9, 6);;(9, 3);1;1;965
;(9, 6);;(9, 3);1;1;966
;(9, 6);;(9, 3);1;1;967
;(9, 6);;(9, 3);1;1;968
;(9, 6);;(9, 3);1;1;969
;(9, 6);;(9, 3);1;1;970
;(9, 6);;(9, 3);1;1;971
;(9, 6);;(9, 3);1;1;972
;(9, 6);;(9, 3);1;1;973
;(9, 6);;(9, 3);1;1;974
;(9, 6);;(9, 3);1;1;975
;(9, 6);;(9, 3);1;1;976
;(9, 6);;(9, 3);1;1;977
;(9, 6);;(9, 3);1;1;978
;(9, 6);;(9, 3);1;1;979
;(9, 6);;(9, 3);1;1;980
;(9, 6);;(9, 3);1;1;981
;(9, 6);;(9, 3);1;1;982
;(9, 6);;(9, 3);1;1;983
;(9, 6);;(9, 3);1;1;984
;(9, 6);;(9, 3);1;1;985
;(9, 6);;(9, 3);1;1;986
;(9, 6);;(9, 3);1;1;987
;(9, 6);;(9, 3);1;1;988
;(9, 6);;(9, 3);1;1;989
;(9, 6);;(9, 3);1;1;990
;(9, 6);;(9, 3);1;1;991
;(9, 6);;(9, 3);1;1;992
;(9, 6);;(9, 3);1;1;993
;(9, 6);;(9, 3);1;1;994
;(9, 6);;(9, 3);1;1;995
;(9, 6);;(9, 3);1;1;996
;(9, 6);;(9, 3);1;1;997
;(9, 6);;(9, 3);1;1;998
;(9, 6);;(9, 3);1;1;999
;(9, 6);;(9, 3);1;1;1000
;(9, 6);;(9, 3);1;1;1001
;(9, 6);;(9, 3);1;1;1002
;(9, 6);;(9, 3);1;1;1003
;(9, 6);;(9, 3);1;1;1004
;(9, 6);;(9, 3);1;1;1005
;(9, 6);;(9, 3);1;1;1006
;(9, 6);;(9, 3);1;1;1007
;(9, 6);;(9, 3);1;1;1008
;(9, 6);;(9, 3);1;1;1009
;(9, 6);;(9, 3);1;1;1010
;(9, 6);;(9, 3);1;1;1011
;(9, 6);;(9, 3);1;1;1012
;(9, 6);;(9, 3);1;1;1013
;(9, 6);;(9, 3);1;1;1014
;(9, 6);;(9, 3);1;1;1015
;(9, 6);;(9, 3);1;1;1016
;(9, 6);;(9, 3);1;1;1017
;(9, 6);;(9, 3);1;1;1018
;(9, 6);;(9, 3);1;1;1019
;(9, 6);;(9, 3);1;1;1020
;(9, 6);;(9, 3);1;1;1021
;(9, 6);;(9, 3);1;1;1022
;(9, 6);;(9, 3);1;1;1023
;(9, 6);;(9, 3);1;1;1024
;(9, 6);;(9, 3);1;1;1025
;(9, 6);;(9, 3);1;1;1026
;(9, 6);;(9, 3);1;1;1027
;(9, 6);;(9, 3);1;1;1028
;(9, 6);;(9, 3);1;1;1029
;(9, 6);;(9, 3);1;1;1030
;(9, 6);;(9, 3);1;1;1031
;(9, 6);;(9, 3);1;1;1032
;(9, 6);;(9, 3);1;1;1033
;(9, 6);;(9, 3);1;1;1034
;(9, 6);;(9, 3);1;1;1035
;(9, 6);;(9, 3);1;1;1036
;(9, 6);;(9, 3);1;1;1037
;(9, 6);;(9, 3);1;1;1038
;(9, 6);;(9, 3);1;1;1039
;(9, 6);;(9, 3);1;1;1040
;(9, 6);;(9, 3);1;1;1041
;(9, 6);;(9, 3);1;1;1042
;(9, 6);;(9, 3);1;1;1043
;(9, 6);;(9, 3);1;1;1044
;(9, 6);;(9, 3);1;1;1045
;(9, 6);;(9, 3);1;1;1046
;(9, 6);;(9, 3);1;1;1047
;(9, 6);;(9, 3);1;1;1048
;(9, 6);;(9, 3);1;1;1049
;(9, 6);;(9, 3);1;1;1050
;(9, 6);;(9, 3);1;1;1051
;(9, 6);;(9, 3);1;1;1052
;(9, 6);;(9, 3);1;1;1053
;(9, 6);;(9, 3);1;1;1054
;(9, 6);;(9, 3);1;1;1055
;(9, 6);;(9, 3);1;1;1056
;(9, 6);;(9, 3);1;1;1057
;(9, 6);;(9, 3);1;1;1058
;(9, 6);;(9, 3);1;1;1059
;(9, 6);;(9, 3);1;1;1060
;(9, 6);;(9, 3);1;1;1061
;(9, 6);;(9, 3);1;1;1062
;(9, 6);;(9, 3);1;1;1063
;(9, 6);;(9, 3);1;1;1064
;(9, 6);;(9, 3);1;1;1065
;(9, 6);;(9, 3);1;1;1066
;(9, 6);;(9, 3);1;1;1067
;(9, 6);;(9, 3);1;1;1068
;(9, 6);;(9, 3);1;1;1069
;(9, 6);;(9, 3);1;1;1070
;(9, 6);;(9, 3);1;1;1071
;(9, 6);;(9, 3);1;1;1072
;(9, 6);;(9, 3);1;1;1073
;(9, 6);;(9, 3);1;1;1074
;(9, 6);;(9, 3);1;1;1075
;(9, 6);;(9, 3);1;1;1076
;(9, 6);;(9, 3);1;1;1077
;(9, 6);;(9, 3);1;1;1078
;(9, 6);;(9, 3);1;1;1079
;(9, 6);;(9, 3);1;1;1080
;(9, 6);;(9, 3);1;1;1081
;(9, 6);;(9, 3);1;1;1082
;(9, 6);;(9, 3);1;1;1083
;(9, 6);;(9, 3);1;1;1084
;(9, 6);;(9, 3);1;1;1085
;(9, 6);;(9, 3);1;1;1086
;(9, 6);;(9, 3);1;1;1087
;(9, 6);;(9, 3);1;1;1088
;(9, 6);;(9, 3);1;1;1089
;(9, 6);;(9, 3);1;1;1090
;(9, 6);;(9, 3);1;1;1091
;(9, 6);;(9, 3);1;1;1092
;(9, 6);;(9, 3);1;1;1093
;(9, 6);;(9, 3);1;1;1094
;(9, 6);;(9, 3);1;1;1095
;(9, 6);;(9, 3);1;1;1096
;(9, 6);;(9, 3);1;1;1097
;(9, 6);;(9, 3);1;1;1098
;(9, 6);;(9, 3);1;1;1099
;(9, 6);;(9, 3);1;1;1100
;(9, 6);;(9, 3);1;1;1101
;(9, 6);;(9, 3);1;1;1102
;(9, 6);;(9, 3);1;1;1103
;(9, 6);;(9, 3);1;1;1104
;(9, 6);;(9, 3);1;1;1105
;(9, 6);;(9, 3);1;1;1106
;(9, 6);;(9, 3);1;1;1107
;(9, 6);;(9, 3);1;1;1108
;(9, 6);;(9, 3);1;1;1109
;(9, 6);;(9, 3);1;1;1110
;(9, 6);;(9, 3);1;1;1111
;(9, 6);;(9, 3);1;1;1112
;(9, 6);;(9, 3);1;1;1113
;(9, 6);;(9, 3);1;1;1114
;(9, 6);;(9, 3);1;1;1115
;(9, 6);;(9, 3);1;1;1116
;(9, 6);;(9, 3);1;1;1117
;(9, 6);;(9, 3);1;1;1118
;(9, 6);;(9, 3);1;1;1119
;(9, 6);;(9, 3);1;1;1120
;(9, 6);;(9, 3);1;1;1121
;(9, 6);;(9, 3);1;1;1122
;(9, 6);;(9, 3);1;1;1123
;(9, 6);;(9, 3);1;1;1124
;(9, 6);;(9, 3);1;1;1125
;(9, 6);;(9, 3);1;1;1126
;(9, 6);;(9, 3);1;1;1127
;(9, 6);;(9, 3);1;1;1128
;(9, 6);;(9, 3);1;1;1129
;(9, 6);;(9, 3);1;1;1130
;(9, 6);;(9, 3);1;1;1131
;(9, 6);;(9, 3);1;1;1132
;(9, 6);;(9, 3);1;1;1133
;(9, 6);;(9, 3);1;1;1134
;(9, 6);;(9, 3);1;1;1135
;(9, 6);;(9, 3);1;1;1136
;(9, 6);;(9, 3);1;1;1137
;(9, 6);;(9, 3);1;1;1138
;(9, 6);;(9, 3);1;1;1139
;(9, 6);;(9, 3);1;1;1140
;(9, 6);;(9, 3);1;1;1141
;(9, 6);;(9, 3);1;1;1142
;(9, 6);;(9, 3);1;1;1143
;(9, 6);;(9, 3);1;1;1144
;(9, 6);;(9, 3);1;1;1145
;(9, 6);;(9, 3);1;1;1146
;(9, 6);;(9, 3);1;1;1147
;(9, 6);;(9, 3);1;1;1148
;(9, 6);;(9, 3);1;1;1149
;(9, 6);;(9, 3);1;1;1150
;(9, 6);;(9, 3);1;1;1151
;(9, 6);;(9, 3);1;1;1152
;(9, 6);;(9, 3);1;1;1153
;(9, 6);;(9, 3);1;1;1154
;(9, 6);;(9, 3);1;1;1155
;(9, 6);;(9, 3);1;1;1156
;(9, 6);;(9, 3);1;1;1157
;(9, 6);;(9, 3);1;1;1158
;(9, 6);;(9, 3);1;1;1159
;(9, 6);;(9, 3);1;1;1160
;(9, 6);;(9, 3);1;1;1161
;(9, 6);;(9, 3);1;1;1162
;(9, 6);;(9, 3);1;1;1163
;(9, 6);;(9, 3);1;1;1164
;(9, 6);;(9, 3);1;1;1165
;(9, 6);;(9, 3);1;1;1166
;(9, 6);;(9, 3);1;1;1167
;(9, 6);;(9, 3);1;1;1168
;(9, 6);;(9, 3);1;1;1169
;(9, 6);;(9, 3);1;1;1170
;(9, 6);;(9, 3);1;1;1171
;(9, 6);;(9, 3);1;1;1172
;(9, 6);;(9, 3);1;1;1173
;(9, 6);;(9, 3);1;1;1174
;(9, 6);;(9, 3);1;1;1175
;(9, 6);;(9, 3);1;1;1176
;(9, 6);;(9, 3);1;1;1177
;(9, 6);;(9, 3);1;1;1178
;(9, 6);;(9, 3);1;1;1179
;(9, 6);;(9, 3);1;1;1180
;(9, 6);;(9, 3);1;1;1181
;(9, 6);;(9, 3);1;1;1182
;(9, 6);;(9, 3);1;1;1183
;(9, 6);;(9, 3);1;1;1184
;(9, 6);;(9, 3);1;1;1185
;(9, 6);;(9, 3);1;1;1186
;(9, 6);;(9, 3);1;1;1187
;(9, 6);;(9, 3);1;1;1188
;(9, 6);;(9, 3);1;1;1189
;(9, 6);;(9, 3);1;1;1190
;(9, 6);;(9, 3);1;1;1191
;(9, 6);;(9, 3);1;1;1192
;(9, 6);;(9, 3);1;1;1193
;(9, 6);;(9, 3);1;1;1194
;(9, 6);;(9, 3);1;1;1195
;(9, 6);;(9, 3);1;1;1196
;(9, 6);;(9, 3);1;1;1197
;(9, 6);;(9, 3);1;1;1198
;(9, 6);;(9, 3);1;1;1199
;(9, 6);;(9, 3);1;1;1200
;(9, 6);;(9, 3);1;1;1201
;(9, 6);;(9, 3);1;1;1202
;(9, 6);;(9, 3);1;1;1203
;(9, 6);;(9, 3);1;1;1204
;(9, 6);;(9, 3);1;1;1205
;(9, 6);;(9, 3);1;1;1206
;(9, 6);;(9, 3);1;1;1207
;(9, 6);;(9, 3);1;1;1208
;(9, 6);;(9, 3);1;1;1209
;(9, 6);;(9, 3);1;1;1210
;(9, 6);;(9, 3);1;1;1211
;(9, 6);;(9, 3);1;1;1212
;(9, 6);;(9, 3);1;1;1213
;(9, 6);;(9, 3);1;1;1214
;(9, 6);;(9, 3);1;1;1215
;(9, 6);;(9, 3);1;1;1216
;(9, 6);;(9, 3);1;1;1217
;(9, 6);;(9, 3);1;1;1218
;(9, 6);;(9, 3);1;1;1219
;(9, 6);;(9, 3);1;1;1220
;(9, 6);;(9, 3);1;1;1221
;(9, 6);;(9, 3);1;1;1222
;(9, 6);;(9, 3);1;1;1223
;(9, 6);;(9, 3);1;1;1224
;(9, 6);;(9, 3);1;1;1225
;(9, 6);;(9, 3);1;1;1226
;(9, 6);;(9, 3);1;1;1227
;(9, 6);;(9, 3);1;1;1228
;(9, 6);;(9, 3);1;1;1229
;(9, 6);;(9, 3);1;1;1230
;(9, 6);;(9, 3);1;1;1231
;(9, 6);;(9, 3);1;1;1232
;(9, 6);;(9, 3);1;1;1233
;(9, 6);;(9, 3);1;1;1234
;(9, 6);;(9, 3);1;1;1235
;(9, 6);;(9, 3);1;1;1236
;(9, 6);;(9, 3);1;1;1237
;(9, 6);;(9, 3);1;1;1238
;(9, 6);;(9, 3);1;1;1239
;(9, 6);;(9, 3);1;1;1240
;(9, 6);;(9, 3);1;1;1241
;(9, 6);;(9, 3);1;1;1242
;(9, 6);;(9, 3);1;1;1243
;(9, 6);;(9, 3);1;1;1244
;(9, 6);;(9, 3);1;1;1245
;(9, 6);;(9, 3);1;1;1246
;(9, 6);;(9, 3);1;1;1247
;(9, 6);;(9, 3);1;1;1248
;(9, 6);;(9, 3);1;1;1249
;(9, 6);;(9, 3);1;1;1250
;(9, 6);;(9, 3);1;1;1251
;(9, 6);;(9, 3);1;1;1252
;(9, 6);;(9, 3);1;1;1253
;(9, 6);;(9, 3);1;1;1254
;(9, 6);;(9, 3);1;1;1255
;(9, 6);;(9, 3);1;1;1256
;(9, 6);;(9, 3);1;1;1257
;(9, 6);;(9, 3);1;1;1258
;(9, 6);;(9, 3);1;1;1259
;(9, 6);;(9, 3);1;1;1260
;(9, 6);;(9, 3);1;1;1261
;(9, 6);;(9, 3);1;1;1262
;(9, 6);;(9, 3);1;1;1263
;(9, 6);;(9, 3);1;1;1264
;(9, 6);;(9, 3);1;1;1265
;(9, 6);;(9, 3);1;1;1266
;(9, 6);;(9, 3);1;1;1267
;(9, 6);;(9, 3);1;1;1268
;(9, 6);;(9, 3);1;1;1269
;(9, 6);;(9, 3);1;1;1270
;(9, 6);;(9, 3);1;1;1271
;(9, 6);;(9, 3);1;1;1272
;(9, 6);;(9, 3);1;1;1273
;(9, 6);;(9, 3);1;1;1274
;(9, 6);;(9, 3);1;1;1275
;(9, 6);;(9, 3);1;1;1276
;(9, 6);;(9, 3);1;1;1277
;(9, 6);;(9, 3);1;1;1278
;(9, 6);;(9, 3);1;1;1279
;(9, 6);;(9, 3);1;1;1280
;(9, 6);;(9, 3);1;1;1281
;(9, 6);;(9, 3);1;1;1282
;(9, 6);;(9, 3);1;1;1283
;(9, 6);;(9, 3);1;1;1284
;(9, 6);;(9, 3);1;1;1285
;(9, 6);;(9, 3);1;1;1286
;(9, 6);;(9, 3);1;1;1287
;(9, 6);;(9, 3);1;1;1288
;(9, 6);;(9, 3);1;1;1289
;(9, 6);;(9, 3);1;1;1290
;(9, 6);;(9, 3);1;1;1291
;(9, 6);;(9, 3);1;1;1292
;(9, 6);;(9, 3);1;1;1293
;(9, 6);;(9, 3);1;1;1294
;(9, 6);;(9, 3);1;1;1295
;(9, 6);;(9, 3);1;1;1296
;(9, 6);;(9, 3);1;1;1297
;(9, 6);;(9, 3);1;1;1298
;(9, 6);;(9, 3);1;1;1299
;(9, 6);;(9, 3);1;1;1300
;(9, 6);;(9, 3);1;1;1301
;(9, 6);;(9, 3);1;1;1302
;(9, 6);;(9, 3);1;1;1303
;(9, 6);;(9, 3);1;1;1304
;(9, 6);;(9, 3);1;1;1305
;(9, 6);;(9, 3);1;1;1306
;(9, 6);;(9, 3);1;1;1307
;(9, 6);;(9, 3);1;1;1308
;(9, 6);;(9, 3);1;1;1309
;(9, 6);;(9, 3);1;1;1310
;(9, 6);;(9, 3);1;1;1311
;(9, 6);;(9, 3);1;1;1312
;(9, 6);;(9, 3);1;1;1313
;(9, 6);;(9, 3);1;1;1314
;(9, 6);;(9, 3);1;1;1315
;(9, 6);;(9, 3);1;1;1316
;(9, 6);;(9, 3);1;1;1317
;(9, 6);;(9, 3);1;1;1318
;(9, 6);;(9, 3);1;1;1319
;(9, 6);;(9, 3);1;1;1320
;(9, 6);;(9, 3);1;1;1321
;(9, 6);;(9, 3);1;1;1322
;(9, 6);;(9, 3);1;1;1323
;(9, 6);;(9, 3);1;1;1324
;(9, 6);;(9, 3);1;1;1325
;(9, 6);;(9, 3);1;1;1326
;(9, 6);;(9, 3);1;1;1327
;(9, 6);;(9, 3);1;1;1328
;(9, 6);;(9, 3);1;1;1329
;(9, 6);;(9, 3);1;1;1330
;(9, 6);;(9, 3);1;1;1331
;(9, 6);;(9, 3);1;1;1332
;(9, 6);;(9, 3);1;1;1333
;(9, 6);;(9, 3);1;1;1334
;(9, 6);;(9, 3);1;1;1335
;(9, 6);;(9, 3);1;1;1336
;(9, 6);;(9, 3);1;1;1337
;(9, 6);;(9, 3);1;1;1338
;(9, 6);;(9, 3);1;1;1339
;(9, 6);;(9, 3);1;1;1340
;(9, 6);;(9, 3);1;1;1341
;(9, 6);;(9, 3);1;1;1342
;(9, 6);;(9, 3);1;1;1343
;(9, 6);;(9, 3);1;1;1344
;(9, 6);;(9, 3);1;1;1345
;(9, 6);;(9, 3);1;1;1346
;(9, 6);;(9, 3);1;1;1347
;(9, 6);;(9, 3);1;1;1348
;(9, 6);;(9, 3);1;1;1349
;(9, 6);;(9, 3);1;1;1350
;(9, 6);;(9, 3);1;1;1351
;(9, 6);;(9, 3);1;1;1352
;(9, 6);;(9, 3);1;1;1353
;(9, 6);;(9, 3);1;1;1354
;(9, 6);;(9, 3);1;1;1355
;(9, 6);;(9, 3);1;1;1356
;(9, 6);;(9, 3);1;1;1357
;(9, 6);;(9, 3);1;1;1358
;(9, 6);;(9, 3);1;1;1359
;(9, 6);;(9, 3);1;1;1360
;(9, 6);;(9, 3);1;1;1361
;(9, 6);;(9, 3);1;1;1362
;(9, 6);;(9, 3);1;1;1363
;(9, 6);;(9, 3);1;1;1364
;(9, 6);;(9, 3);1;1;1365
;(9, 6);;(9, 3);1;1;1366
;(9, 6);;(9, 3);1;1;1367
;(9, 6);;(9, 3);1;1;1368
;(9, 6);;(9, 3);1;1;1369
;(9, 6);;(9, 3);1;1;1370
;(9, 6);;(9, 3);1;1;1371
;(9, 6);;(9, 3);1;1;1372
;(9, 6);;(9, 3);1;1;1373
;(9, 6);;(9, 3);1;1;1374
;(9, 6);;(9, 3);1;1;1375
;(9, 6);;(9, 3);1;1;1376
;(9, 6);;(9, 3);1;1;1377
;(9, 6);;(9, 3);1;1;1378
;(9, 6);;(9, 3);1;1;1379
;(9, 6);;(9, 3);1;1;1380
;(9, 6);;(9, 3);1;1;1381
;(9, 6);;(9, 3);1;1;1382
;(9, 6);;(9, 3);1;1;1383
;(9, 6);;(9, 3);1;1;1384
;(9, 6);;(9, 3);1;1;1385
;(9, 6);;(9, 3);1;1;1386
;(9, 6);;(9, 3);1;1;1387
;(9, 6);;(9, 3);1;1;1388
;(9, 6);;(9, 3);1;1;1389
;(9, 6);;(9, 3);1;1;1390
;(9, 6);;(9, 3);1;1;1391
;(9, 6);;(9, 3);1;1;1392
;(9, 6);;(9, 3);1;1;1393
;(9, 6);;(9, 3);1;1;1394
;(9, 6);;(9, 3);1;1;1395
;(9, 6);;(9, 3);1;1;1396
;(9, 6);;(9, 3);1;1;1397
;(9, 6);;(9, 3);1;1;1398
;(9, 6);;(9, 3);1;1;1399
;(9, 6);;(9, 3);1;1;1400
;(9, 6);;(9, 3);1;1;1401
;(9, 6);;(9, 3);1;1;1402
;(9, 6);;(9, 3);1;1;1403
;(9, 6);;(9, 3);1;1;1404
;(9, 6);;(9, 3);1;1;1405
;(9, 6);;(9, 3);1;1;1406
;(9, 6);;(9, 3);1;1;1407
;(9, 6);;(9, 3);1;1;1408
;(9, 6);;(9, 3);1;1;1409
;(9, 6);;(9, 3);1;1;1410
;(9, 6);;(9, 3);1;1;1411
;(9, 6);;(9, 3);1;1;1412
;(9, 6);;(9, 3);1;1;1413
;(9, 6);;(9, 3);1;1;1414
;(9, 6);;(9, 3);1;1;1415
;(9, 6);;(9, 3);1;1;1416
;(9, 6);;(9, 3);1;1;1417
;(9, 6);;(9, 3);1;1;1418
;(9, 6);;(9, 3);1;1;1419
;(9, 6);;(9, 3);1;1;1420
;(9, 6);;(9, 3);1;1;1421
;(9, 6);;(9, 3);1;1;1422
;(9, 6);;(9, 3);1;1;1423
;(9, 6);;(9, 3);1;1;1424
;(9, 6);;(9, 3);1;1;1425
;(9, 6);;(9, 3);1;1;1426
;(9, 6);;(9, 3);1;1;1427
;(9, 6);;(9, 3);1;1;1428
;(9, 6);;(9, 3);1;1;1429
;(9, 6);;(9, 3);1;1;1430
;(9, 6);;(9, 3);1;1;1431
;(9, 6);;(9, 3);1;1;1432
;(9, 6);;(9, 3);1;1;1433
;(9, 6);;(9, 3);1;1;1434
;(9, 6);;(9, 3);1;1;1435
;(9, 6);;(9, 3);1;1;1436
;(9, 6);;(9, 3);1;1;1437
;(9, 6);;(9, 3);1;1;1438
;(9, 6);;(9, 3);1;1;1439
;(9, 6);;(9, 3);1;1;1440
;(9, 6);;(9, 3);1;1;1441
;(9, 6);;(9, 3);1;1;1442
;(9, 6);;(9, 3);1;1;1443
;(9, 6);;(9, 3);1;1;1444
;(9, 6);;(9, 3);1;1;1445
;(9, 6);;(9, 3);1;1;1446
;(9, 6);;(9, 3);1;1;1447
;(9, 6);;(9, 3);1;1;1448
;(9, 6);;(9, 3);1;1;1449
;(9, 6);;(9, 3);1;1;1450
;(9, 6);;(9, 3);1;1;1451
;(9, 6);;(9, 3);1;1;1452
;(9, 6);;(9, 3);1;1;1453
;(9, 6);;(9, 3);1;1;1454
;(9, 6);;(9, 3);1;1;1455
;(9, 6);;(9, 3);1;1;1456
;(9, 6);;(9, 3);1;1;1457
;(9, 6);;(9, 3);1;1;1458
;(9, 6);;(9, 3);1;1;1459
;(9, 6);;(9, 3);1;1;1460
;(9, 6);;(9, 3);1;1;1461
;(9, 6);;(9, 3);1;1;1462
;(9, 6);;(9, 3);1;1;1463
;(9, 6);;(9, 3);1;1;1464
;(9, 6);;(9, 3);1;1;1465
;(9, 6);;(9, 3);1;1;1466
;(9, 6);;(9, 3);1;1;1467
;(9, 6);;(9, 3);1;1;1468
;(9, 6);;(9, 3);1;1;1469
;(9, 6);;(9, 3);1;1;1470
;(9, 6);;(9, 3);1;1;1471
;(9, 6);;(9, 3);1;1;1472
;(9, 6);;(9, 3);1;1;1473
;(9, 6);;(9, 3);1;1;1474
;(9, 6);;(9, 3);1;1;1475
;(9, 6);;(9, 3);1;1;1476
;(9, 6);;(9, 3);1;1;1477
;(9, 6);;(9, 3);1;1;1478
;(9, 6);;(9, 3);1;1;1479
;(9, 6);;(9, 3);1;1;1480
;(9, 6);;(9, 3);1;1;1481
;(9, 6);;(9, 3);1;1;1482
;(9, 6);;(9, 3);1;1;1483
;(9, 6);;(9, 3);1;1;1484
;(9, 6);;(9, 3);1;1;1485
;(9, 6);;(9, 3);1;1;1486
;(9, 6);;(9, 3);1;1;1487
;(9, 6);;(9, 3);1;1;1488
;(9, 6);;(9, 3);1;1;1489
;(9, 6);;(9, 3);1;1;1490
;(9, 6);;(9, 3);1;1;1491
;(9, 6);;(9, 3);1;1;1492
;(9, 6);;(9, 3);1;1;1493
;(9, 6);;(9, 3);1;1;1494
;(9, 6);;(9, 3);1;1;1495
;(9, 6);;(9, 3);1;1;1496
;(9, 6);;(9, 3);1;1;1497
;(9, 6);;(9, 3);1;1;1498
;(9, 6);;(9, 3);1;1;1499
;(9, 6);;(9, 3);1;1;1500
;(9, 6);;(9, 3);1;1;1501
;(9, 6);;(9, 3);1;1;1502
;(9, 6);;(9, 3);1;1;1503
;(9, 6);;(9, 3);1;1;1504
;(9, 6);;(9, 3);1;1;1505
;(9, 6);;(9, 3);1;1;1506
;(9, 6);;(9, 3);1;1;1507
;(9, 6);;(9, 3);1;1;1508
;(9, 6);;(9, 3);1;1;1509
;(9, 6);;(9, 3);1;1;1510
;(9, 6);;(9, 3);1;1;1511
;(9, 6);;(9, 3);1;1;1512
;(9, 6);;(9, 3);1;1;1513
;(9, 6);;(9, 3);1;1;1514
;(9, 6);;(9, 3);1;1;1515
;(9, 6);;(9, 3);1;1;1516
;(9, 6);;(9, 3);1;1;1517
;(9, 6);;(9, 3);1;1;1518
;(9, 6);;(9, 3);1;1;1519
;(9, 6);;(9, 3);1;1;1520
;(9, 6);;(9, 3);1;1;1521
;(9, 6);;(9, 3);1;1;1522
;(9, 6);;(9, 3);1;1;1523
;(9, 6);;(9, 3);1;1;1524
;(9, 6);;(9, 3);1;1;1525
;(9, 6);;(9, 3);1;1;1526
;(9, 6);;(9, 3);1;1;1527
;(9, 6);;(9, 3);1;1;1528
;(9, 6);;(9, 3);1;1;1529
;(9, 6);;(9, 3);1;1;1530
;(9, 6);;(9, 3);1;1;1531
;(9, 6);;(9, 3);1;1;1532
;(9, 6);;(9, 3);1;1;1533
;(9, 6);;(9, 3);1;1;1534
;(9, 6);;(9, 3);1;1;1535
;(9, 6);;(9, 3);1;1;1536
;(9, 6);;(9, 3);1;1;1537
;(9, 6);;(9, 3);1;1;1538
;(9, 6);;(9, 3);1;1;1539
;(9, 6);;(9, 3);1;1;1540
;(9, 6);;(9, 3);1;1;1541
;(9, 6);;(9, 3);1;1;1542
;(9, 6);;(9, 3);1;1;1543
;(9, 6);;(9, 3);1;1;1544
;(9, 6);;(9, 3);1;1;1545
;(9, 6);;(9, 3);1;1;1546
;(9, 6);;(9, 3);1;1;1547
;(9, 6);;(9, 3);1;1;1548
;(9, 6);;(9, 3);1;1;1549
;(9, 6);;(9, 3);1;1;1550
;(9, 6);;(9, 3);1;1;1551
;(9, 6);;(9, 3);1;1;1552
;(9, 6);;(9, 3);1;1;1553
;(9, 6);;(9, 3);1;1;1554
;(9, 6);;(9, 3);1;1;1555
;(9, 6);;(9, 3);1;1;1556
;(9, 6);;(9, 3);1;1;1557
;(9, 6);;(9, 3);1;1;1558
;(9, 6);;(9, 3);1;1;1559
;(9, 6);;(9, 3);1;1;1560
;(9, 6);;(9, 3);1;1;1561
;(9, 6);;(9, 3);1;1;1562
;(9, 6);;(9, 3);1;1;1563
;(9, 6);;(9, 3);1;1;1564
;(9, 6);;(9, 3);1;1;1565
;(9, 6);;(9, 3);1;1;1566
;(9, 6);;(9, 3);1;1;1567
;(9, 6);;(9, 3);1;1;1568
;(9, 6);;(9, 3);1;1;1569
;(9, 6);;(9, 3);1;1;1570
;(9, 6);;(9, 3);1;1;1571
;(9, 6);;(9, 3);1;1;1572
;(9, 6);;(9, 3);1;1;1573
;(9, 6);;(9, 3);1;1;1574
;(9, 6);;(9, 3);1;1;1575
;(9, 6);;(9, 3);1;1;1576
;(9, 6);;(9, 3);1;1;1577
;(9, 6);;(9, 3);1;1;1578
;(9, 6);;(9, 3);1;1;1579
;(9, 6);;(9, 3);1;1;1580
;(9, 6);;(9, 3);1;1;1581
;(9, 6);;(9, 3);1;1;1582
;(9, 6);;(9, 3);1;1;1583
;(9, 6);;(9, 3);1;1;1584
;(9, 6);;(9, 3);1;1;1585
;(9, 6);;(9, 3);1;1;1586
;(9, 6);;(9, 3);1;1;1587
;(9, 6);;(9, 3);1;1;1588
;(9, 6);;(9, 3);1;1;1589
;(9, 6);;(9, 3);1;1;1590
;(9, 6);;(9, 3);1;1;1591
;(9, 6);;(9, 3);1;1;1592
;(9, 6);;(9, 3);1;1;1593
;(9, 6);;(9, 3);1;1;1594
;(9, 6);;(9, 3);1;1;1595
;(9, 6);;(9, 3);1;1;1596
;(9, 6);;(9, 3);1;1;1597
;(9, 6);;(9, 3);1;1;1598
;(9, 6);;(9, 3);1;1;1599
;(9, 6);;(9, 3);1;1;1600
;(9, 6);;(9, 3);1;1;1601
;(9, 6);;(9, 3);1;1;1602
;(9, 6);;(9, 3);1;1;1603
;(9, 6);;(9, 3);1;1;1604
;(9, 6);;(9, 3);1;1;1605
;(9, 6);;(9, 3);1;1;1606
;(9, 6);;(9, 3);1;1;1607
;(9, 6);;(9, 3);1;1;1608
;(9, 6);;(9, 3);1;1;1609
;(9, 6);;(9, 3);1;1;1610
;(9, 6);;(9, 3);1;1;1611
;(9, 6);;(9, 3);1;1;1612
;(9, 6);;(9, 3);1;1;1613
;(9, 6);;(9, 3);1;1;1614
;(9, 6);;(9, 3);1;1;1615
;(9, 6);;(9, 3);1;1;1616
;(9, 6);;(9, 3);1;1;1617
;(9, 6);;(9, 3);1;1;1618
;(9, 6);;(9, 3);1;1;1619
;(9, 6);;(9, 3);1;1;1620
;(9, 6);;(9, 3);1;1;1621
;(9, 6);;(9, 3);1;1;1622
;(9, 6);;(9, 3);1;1;1623
;(9, 6);;(9, 3);1;1;1624
;(9, 6);;(9, 3);1;1;1625
;(9, 6);;(9, 3);1;1;1626
;(9, 6);;(9, 3);1;1;1627
;(9, 6);;(9, 3);1;1;1628
;(9, 6);;(9, 3);1;1;1629
;(9, 6);;(9, 3);1;1;1630
;(9, 6);;(9, 3);1;1;1631
;(9, 6);;(9, 3);1;1;1632
;(9, 6);;(9, 3);1;1;1633
;(9, 6);;(9, 3);1;1;1634
;(9, 6);;(9, 3);1;1;1635
;(9, 6);;(9, 3);1;1;1636
;(9, 6);;(9, 3);1;1;1637
;(9, 6);;(9, 3);1;1;1638
;(9, 6);;(9, 3);1;1;1639
;(9, 6);;(9, 3);1;1;1640
;(9, 6);;(9, 3);1;1;1641
;(9, 6);;(9, 3);1;1;1642
;(9, 6);;(9, 3);1;1;1643
;(9, 6);;(9, 3);1;1;1644
;(9, 6);;(9, 3);1;1;1645
;(9, 6);;(9, 3);1;1;1646
;(9, 6);;(9, 3);1;1;1647
;(9, 6);;(9, 3);1;1;1648
;(9, 6);;(9, 3);1;1;1649
;(9, 6);;(9, 3);1;1;1650
;(9, 6);;(9, 3);1;1;1651
;(9, 6);;(9, 3);1;1;1652
;(9, 6);;(9, 3);1;1;1653
;(9, 6);;(9, 3);1;1;1654
;(9, 6);;(9, 3);1;1;1655
;(9, 6);;(9, 3);1;1;1656
;(9, 6);;(9, 3);1;1;1657
;(9, 6);;(9, 3);1;1;1658
;(9, 6);;(9, 3);1;1;1659
;(9, 6);;(9, 3);1;1;1660
;(9, 6);;(9, 3);1;1;1661
;(9, 6);;(9, 3);1;1;1662
;(9, 6);;(9, 3);1;1;1663
;(9, 6);;(9, 3);1;1;1664
;(9, 6);;(9, 3);1;1;1665
;(9, 6);;(9, 3);1;1;1666
;(9, 6);;(9, 3);1;1;1667
;(9, 6);;(9, 3);1;1;1668
;(9, 6);;(9, 3);1;1;1669
;(9, 6);;(9, 3);1;1;1670
;(9, 6);;(9, 3);1;1;1671
;(9, 6);;(9, 3);1;1;1672
;(9, 6);;(9, 3);1;1;1673
;(9, 6);;(9, 3);1;1;1674
;(9, 6);;(9, 3);1;1;1675
;(9, 6);;(9, 3);1;1;1676
;(9, 6);;(9, 3);1;1;1677
;(9, 6);;(9, 3);1;1;1678
;(9, 6);;(9, 3);1;1;1679
;(9, 6);;(9, 3);1;1;1680
;(9, 6);;(9, 3);1;1;1681
;(9, 6);;(9, 3);1;1;1682
;(9, 6);;(9, 3);1;1;1683
;(9, 6);;(9, 3);1;1;1684
;(9, 6);;(9, 3);1;1;1685
;(9, 6);;(9, 3);1;1;1686
;(9, 6);;(9, 3);1;1;1687
;(9, 6);;(9, 3);1;1;1688
;(9, 6);;(9, 3);1;1;1689
;(9, 6);;(9, 3);1;1;1690
;(9, 6);;(9, 3);1;1;1691
;(9, 6);;(9, 3);1;1;1692
;(9, 6);;(9, 3);1;1;1693
;(9, 6);;(9, 3);1;1;1694
;(9, 6);;(9, 3);1;1;1695
;(9, 6);;(9, 3);1;1;1696
;(9, 6);;(9, 3);1;1;1697
;(9, 6);;(9, 3);1;1;1698
;(9, 6);;(9, 3);1;1;1699
;(9, 6);;(9, 3);1;1;1700
;(9, 6);;(9, 3);1;1;1701
;(9, 6);;(9, 3);1;1;1702
;(9, 6);;(9, 3);1;1;1703
;(9, 6);;(9, 3);1;1;1704
;(9, 6);;(9, 3);1;1;1705
;(9, 6);;(9, 3);1;1;1706
;(9, 6);;(9, 3);1;1;1707
;(9, 6);;(9, 3);1;1;1708
;(9, 6);;(9, 3);1;1;1709
;(9, 6);;(9, 3);1;1;1710
;(9, 6);;(9, 3);1;1;1711
;(9, 6);;(9, 3);1;1;1712
;(9, 6);;(9, 3);1;1;1713
;(9, 6);;(9, 3);1;1;1714
;(9, 6);;(9, 3);1;1;1715
;(9, 6);;(9, 3);1;1;1716
;(9, 6);;(9, 3);1;1;1717
;(9, 6);;(9, 3);1;1;1718
;(9, 6);;(9, 3);1;1;1719
;(9, 6);;(9, 3);1;1;1720
;(9, 6);;(9, 3);1;1;1721
;(9, 6);;(9, 3);1;1;1722
;(9, 6);;(9, 3);1;1;1723
;(9, 6);;(9, 3);1;1;1724
;(9, 6);;(9, 3);1;1;1725
;(9, 6);;(9, 3);1;1;1726
;(9, 6);;(9, 3);1;1;1727
;(9, 6);;(9, 3);1;1;1728
;(9, 6);;(9, 3);1;1;1729
;(9, 6);;(9, 3);1;1;1730
;(9, 6);;(9, 3);1;1;1731
;(9, 6);;(9, 3);1;1;1732
;(9, 6);;(9, 3);1;1;1733
;(9, 6);;(9, 3);1;1;1734
;(9, 6);;(9, 3);1;1;1735
;(9, 6);;(9, 3);1;1;1736
;(9, 6);;(9, 3);1;1;1737
;(9, 6);;(9, 3);1;1;1738
;(9, 6);;(9, 3);1;1;1739
;(9, 6);;(9, 3);1;1;1740
;(9, 6);;(9, 3);1;1;1741
;(9, 6);;(9, 3);1;1;1742
;(9, 6);;(9, 3);1;1;1743
;(9, 6);;(9, 3);1;1;1744
;(9, 6);;(9, 3);1;1;1745
;(9, 6);;(9, 3);1;1;1746
;(9, 6);;(9, 3);1;1;1747
;(9, 6);;(9, 3);1;1;1748
;(9, 6);;(9, 3);1;1;1749
;(9, 6);;(9, 3);1;1;1750
;(9, 6);;(9, 3);1;1;1751
;(9, 6);;(9, 3);1;1;1752
;(9, 6);;(9, 3);1;1;1753
;(9, 6);;(9, 3);1;1;1754
;(9, 6);;(9, 3);1;1;1755
;(9, 6);;(9, 3);1;1;1756
;(9, 6);;(9, 3);1;1;1757
;(9, 6);;(9, 3);1;1;1758
;(9, 6);;(9, 3);1;1;1759
;(9, 6);;(9, 3);1;1;1760
;(9, 6);;(9, 3);1;1;1761
;(9, 6);;(9, 3);1;1;1762
;(9, 6);;(9, 3);1;1;1763
;(9, 6);;(9, 3);1;1;1764
;(9, 6);;(9, 3);1;1;1765
;(9, 6);;(9, 3);1;1;1766
;(9, 6);;(9, 3);1;1;1767
;(9, 6);;(9, 3);1;1;1768
;(9, 6);;(9, 3);1;1;1769
;(9, 6);;(9, 3);1;1;1770
;(9, 6);;(9, 3);1;1;1771
;(9, 6);;(9, 3);1;1;1772
;(9, 6);;(9, 3);1;1;1773
;(9, 6);;(9, 3);1;1;1774
;(9, 6);;(9, 3);1;1;1775
;(9, 6);;(9, 3);1;1;1776
;(9, 6);;(9, 3);1;1;1777
;(9, 6);;(9, 3);1;1;1778
;(9, 6);;(9, 3);1;1;1779
;(9, 6);;(9, 3);1;1;1780
;(9, 6);;(9, 3);1;1;1781
;(9, 6);;(9, 3);1;1;1782
;(9, 6);;(9, 3);1;1;1783
;(9, 6);;(9, 3);1;1;1784
;(9, 6);;(9, 3);1;1;1785
;(9, 6);;(9, 3);1;1;1786
;(9, 6);;(9, 3);1;1;1787
;(9, 6);;(9, 3);1;1;1788
;(9, 6);;(9, 3);1;1;1789
;(9, 6);;(9, 3);1;1;1790
;(9, 6);;(9, 3);1;1;1791
;(9, 6);;(9, 3);1;1;1792
;(9, 6);;(9, 3);1;1;1793
;(9, 6);;(9, 3);1;1;1794
;(9, 6);;(9, 3);1;1;1795
;(9, 6);;(9, 3);1;1;1796
;(9, 6);;(9, 3);1;1;1797
;(9, 6);;(9, 3);1;1;1798
;(9, 6);;(9, 3);1;1;1799
;(9, 6);;(9, 3);1;1;1800
;(9, 6);;(9, 3);1;1;1801
;(9, 6);;(9, 3);1;1;1802
;(9, 6);;(9, 3);1;1;1803
;(9, 6);;(9, 3);1;1;1804
;(9, 6);;(9, 3);1;1;1805
;(9, 6);;(9, 3);1;1;1806
;(9, 6);;(9, 3);1;1;1807
;(9, 6);;(9, 3);1;1;1808
;(9, 6);;(9, 3);1;1;1809
;(9, 6);;(9, 3);1;1;1810
;(9, 6);;(9, 3);1;1;1811
;(9, 6);;(9, 3);1;1;1812
;(9, 6);;(9, 3);1;1;1813
;(9, 6);;(9, 3);1;1;1814
;(9, 6);;(9, 3);1;1;1815
;(9, 6);;(9, 3);1;1;1816
;(9, 6);;(9, 3);1;1;1817
;(9, 6);;(9, 3);1;1;1818
;(9, 6);;(9, 3);1;1;1819
;(9, 6);;(9, 3);1;1;1820
;(9, 6);;(9, 3);1;1;1821
;(9, 6);;(9, 3);1;1;1822
;(9, 6);;(9, 3);1;1;1823
;(9, 6);;(9, 3);1;1;1824
;(9, 6);;(9, 3);1;1;1825
;(9, 6);;(9, 3);1;1;1826
;(9, 6);;(9, 3);1;1;1827
;(9, 6);;(9, 3);1;1;1828
;(9, 6);;(9, 3);1;1;1829
;(9, 6);;(9, 3);1;1;1830
;(9, 6);;(9, 3);1;1;1831
;(9, 6);;(9, 3);1;1;1832
;(9, 6);;(9, 3);1;1;1833
;(9, 6);;(9, 3);1;1;1834
;(9, 6);;(9, 3);1;1;1835
;(9, 6);;(9, 3);1;1;1836
;(9, 6);;(9, 3);1;1;1837
;(9, 6);;(9, 3);1;1;1838
;(9, 6);;(9, 3);1;1;1839
;(9, 6);;(9, 3);1;1;1840
;(9, 6);;(9, 3);1;1;1841
;(9, 6);;(9, 3);1;1;1842
;(9, 6);;(9, 3);1;1;1843
;(9, 6);;(9, 3);1;1;1844
;(9, 6);;(9, 3);1;1;1845
;(9, 6);;(9, 3);1;1;1846
;(9, 6);;(9, 3);1;1;1847
;(9, 6);;(9, 3);1;1;1848
;(9, 6);;(9, 3);1;1;1849
;(9, 6);;(9, 3);1;1;1850
;(9, 6);;(9, 3);1;1;1851
;(9, 6);;(9, 3);1;1;1852
;(9, 6);;(9, 3);1;1;1853
;(9, 6);;(9, 3);1;1;1854
;(9, 6);;(9, 3);1;1;1855
;(9, 6);;(9, 3);1;1;1856
;(9, 6);;(9, 3);1;1;1857
;(9, 6);;(9, 3);1;1;1858
;(9, 6);;(9, 3);1;1;1859
;(9, 6);;(9, 3);1;1;1860
;(9, 6);;(9, 3);1;1;1861
;(9, 6);;(9, 3);1;1;1862
;(9, 6);;(9, 3);1;1;1863
;(9, 6);;(9, 3);1;1;1864
;(9, 6);;(9, 3);1;1;1865
;(9, 6);;(9, 3);1;1;1866
;(9, 6);;(9, 3);1;1;1867
;(9, 6);;(9, 3);1;1;1868
;(9, 6);;(9, 3);1;1;1869
;(9, 6);;(9, 3);1;1;1870
;(9, 6);;(9, 3);1;1;1871
;(9, 6);;(9, 3);1;1;1872
;(9, 6);;(9, 3);1;1;1873
;(9, 6);;(9, 3);1;1;1874
;(9, 6);;(9, 3);1;1;1875
;(9, 6);;(9, 3);1;1;1876
;(9, 6);;(9, 3);1;1;1877
;(9, 6);;(9, 3);1;1;1878
;(9, 6);;(9, 3);1;1;1879
;(9, 6);;(9, 3);1;1;1880
;(9, 6);;(9, 3);1;1;1881
;(9, 6);;(9, 3);1;1;1882
;(9, 6);;(9, 3);1;1;1883
;(9, 6);;(9, 3);1;1;1884
;(9, 6);;(9, 3);1;1;1885
;(9, 6);;(9, 3);1;1;1886
;(9, 6);;(9, 3);1;1;1887
;(9, 6);;(9, 3);1;1;1888
;(9, 6);;(9, 3);1;1;1889
;(9, 6);;(9, 3);1;1;1890
;(9, 6);;(9, 3);1;1;1891
;(9, 6);;(9, 3);1;1;1892
;(9, 6);;(9, 3);1;1;1893
;(9, 6);;(9, 3);1;1;1894
;(9, 6);;(9, 3);1;1;1895
;(9, 6);;(9, 3);1;1;1896
;(9, 6);;(9, 3);1;1;1897
;(9, 6);;(9, 3);1;1;1898
;(9, 6);;(9, 3);1;1;1899
;(9, 6);;(9, 3);1;1;1900
;(9, 6);;(9, 3);1;1;1901
;(9, 6);;(9, 3);1;1;1902
;(9, 6);;(9, 3);1;1;1903
;(9, 6);;(9, 3);1;1;1904
;(9, 6);;(9, 3);1;1;1905
;(9, 6);;(9, 3);1;1;1906
;(9, 6);;(9, 3);1;1;1907
;(9, 6);;(9, 3);1;1;1908
;(9, 6);;(9, 3);1;1;1909
;(9, 6);;(9, 3);1;1;1910
;(9, 6);;(9, 3);1;1;1911
;(9, 6);;(9, 3);1;1;1912
;(9, 6);;(9, 3);1;1;1913
;(9, 6);;(9, 3);1;1;1914
;(9, 6);;(9, 3);1;1;1915
;(9, 6);;(9, 3);1;1;1916
;(9, 6);;(9, 3);1;1;1917
;(9, 6);;(9, 3);1;1;1918
;(9, 6);;(9, 3);1;1;1919
;(9, 6);;(9, 3);1;1;1920
;(9, 6);;(9, 3);1;1;1921
;(9, 6);;(9, 3);1;1;1922
;(9, 6);;(9, 3);1;1;1923
;(9, 6);;(9, 3);1;1;1924
;(9, 6);;(9, 3);1;1;1925
;(9, 6);;(9, 3);1;1;1926
;(9, 6);;(9, 3);1;1;1927
;(9, 6);;(9, 3);1;1;1928
;(9, 6);;(9, 3);1;1;1929
;(9, 6);;(9, 3);1;1;1930
;(9, 6);;(9, 3);1;1;1931
;(9, 6);;(9, 3);1;1;1932
;(9, 6);;(9, 3);1;1;1933
;(9, 6);;(9, 3);1;1;1934
;(9, 6);;(9, 3);1;1;1935
;(9, 6);;(9, 3);1;1;1936
;(9, 6);;(9, 3);1;1;1937
;(9, 6);;(9, 3);1;1;1938
;(9, 6);;(9, 3);1;1;1939
;(9, 6);;(9, 3);1;1;1940
;(9, 6);;(9, 3);1;1;1941
;(9, 6);;(9, 3);1;1;1942
;(9, 6);;(9, 3);1;1;1943
;(9, 6);;(9, 3);1;1;1944
;(9, 6);;(9, 3);1;1;1945
;(9, 6);;(9, 3);1;1;1946
;(9, 6);;(9, 3);1;1;1947
;(9, 6);;(9, 3);1;1;1948
;(9, 6);;(9, 3);1;1;1949
;(9, 6);;(9, 3);1;1;1950
;(9, 6);;(9, 3);1;1;1951
;(9, 6);;(9, 3);1;1;1952
;(9, 6);;(9, 3);1;1;1953
;(9, 6);;(9, 3);1;1;1954
;(9, 6);;(9, 3);1;1;1955
;(9, 6);;(9, 3);1;1;1956
;(9, 6);;(9, 3);1;1;1957
;(9, 6);;(9, 3);1;1;1958
;(9, 6);;(9, 3);1;1;1959
;(9, 6);;(9, 3);1;1;1960
;(9, 6);;(9, 3);1;1;1961
;(9, 6);;(9, 3);1;1;1962
;(9, 6);;(9, 3);1;1;1963
;(9, 6);;(9, 3);1;1;1964
;(9, 6);;(9, 3);1;1;1965
;(9, 6);;(9, 3);1;1;1966
;(9, 6);;(9, 3);1;1;1967
;(9, 6);;(9, 3);1;1;1968
;(9, 6);;(9, 3);1;1;1969
;(9, 6);;(9, 3);1;1;1970
;(9, 6);;(9, 3);1;1;1971
MoveEast;(10, 6);;(9, 3);1;1;1972
;(10, 6);;(9, 3);1;1;1973
;(10, 6);;(9, 3);1;1;1974
MoveEast;(11, 6);;(9, 3);1;1;1975
;(11, 6);;(9, 3);1;1;1976
;(11, 6);;(9, 3);1;1;1977
MoveEast;(12, 6);;(9, 3);1;1;1978
;(12, 6);;(9, 3);1;1;1979
;(12, 6);;(9, 3);1;1;1980
MoveEast;(13, 6);;(9, 3);1;1;1981
;(13, 6);;(9, 3);1;1;1982
;(13, 6);;(9, 3);1;1;1983
;(13, 6);;(9, 3);1;1;1984
;(13, 6);;(9, 3);1;1;1985
;(13, 6);;(9, 3);1;1;1986
;(13, 6);;(9, 3);1;1;1987
;(13, 6);;(9, 3);1;1;1988
;(13, 6);;(9, 3);1;1;1989
;(13, 6);;(9, 3);1;1;1990
;(13, 6);;(9, 3);1;1;1991
;(13, 6);;(9, 3);1;1;1992
;(13, 6);;(9, 3);1;1;1993
;(13, 6);;(9, 3);1;1;1994
;(13, 6);;(9, 3);1;1;1995
;(13, 6);;(9, 3);1;1;1996
;(13, 6);;(9, 3);1;1;1997
;(13, 6);;(9, 3);1;1;1998
;(13, 6);;(9, 3);1;1;1999
;(13, 6);;(9, 3);1;1;2000
;(13, 6);;(9, 3);1;1;2001
;(13, 6);;(9, 3);1;1;2002
;(13, 6);;(9, 3);1;1;2003
;(13, 6);;(9, 3);1;1;2004
;(13, 6);;(9, 3);1;1;2005
;(13, 6);;(9, 3);1;1;2006
;(13, 6);;(9, 3);1;1;2007
;(13, 6);;(9, 3);1;1;2008
;(13, 6);;(9, 3);1;1;2009
;(13, 6);;(9, 3);1;1;2010
;(13, 6);;(9, 3);1;1;2011
;(13, 6);;(9, 3);1;1;2012
;(13, 6);;(9, 3);1;1;2013
;(13, 6);;(9, 3);1;1;2014
;(13, 6);;(9, 3);1;1;2015
;(13, 6);;(9, 3);1;1;2016
;(13, 6);;(9, 3);1;1;2017
;(13, 6);;(9, 3);1;1;2018
;(13, 6);;(9, 3);1;1;2019
;(13, 6);;(9, 3);1;1;2020
;(13, 6);;(9, 3);1;1;2021
;(13, 6);;(9, 3);1;1;2022
;(13, 6);;(9, 3);1;1;2023
;(13, 6);;(9, 3);1;1;2024
;(13, 6);;(9, 3);1;1;2025
;(13, 6);;(9, 3);1;1;2026
;(13, 6);;(9, 3);1;1;2027
;(13, 6);;(9, 3);1;1;2028
;(13, 6);;(9, 3);1;1;2029
;(13, 6);;(9, 3);1;1;2030
;(13, 6);;(9, 3);1;1;2031
;(13, 6);;(9, 3);1;1;2032
;(13, 6);;(9, 3);1;1;2033
;(13, 6);;(9, 3);1;1;2034
;(13, 6);;(9, 3);1;1;2035
;(13, 6);;(9, 3);1;1;2036
;(13, 6);;(9, 3);1;1;2037
;(13, 6);;(9, 3);1;1;2038
;(13, 6);;(9, 3);1;1;2039
;(13, 6);;(9, 3);1;1;2040
;(13, 6);;(9, 3);1;1;2041
;(13, 6);;(9, 3);1;1;2042
;(13, 6);;(9, 3);1;1;2043
;(13, 6);;(9, 3);1;1;2044
;(13, 6);;(9, 3);1;1;2045
;(13, 6);;(9, 3);1;1;2046
;(13, 6);;(9, 3);1;1;2047
;(13, 6);;(9, 3);1;1;2048
;(13, 6);;(9, 3);1;1;2049
;(13, 6);;(9, 3);1;1;2050
;(13, 6);;(9, 3);1;1;2051
;(13, 6);;(9, 3);1;1;2052
;(13, 6);;(9, 3);1;1;2053
;(13, 6);;(9, 3);1;1;2054
;(13, 6);;(9, 3);1;1;2055
;(13, 6);;(9, 3);1;1;2056
;(13, 6);;(9, 3);1;1;2057
;(13, 6);;(9, 3);1;1;2058
;(13, 6);;(9, 3);1;1;2059
;(13, 6);;(9, 3);1;1;2060
;(13, 6);;(9, 3);1;1;2061
;(13, 6);;(9, 3);1;1;2062
;(13, 6);;(9, 3);1;1;2063
;(13, 6);;(9, 3);1;1;2064
;(13, 6);;(9, 3);1;1;2065
;(13, 6);;(9, 3);1;1;2066
;(13, 6);;(9, 3);1;1;2067
;(13, 6);;(9, 3);1;1;2068
;(13, 6);;(9, 3);1;1;2069
;(13, 6);;(9, 3);1;1;2070
;(13, 6);;(9, 3);1;1;2071
;(13, 6);;(9, 3);1;1;2072
;(13, 6);;(9, 3);1;1;2073
;(13, 6);;(9, 3);1;1;2074
;(13, 6);;(9, 3);1;1;2075
;(13, 6);;(9, 3);1;1;2076
;(13, 6);;(9, 3);1;1;2077
;(13, 6);;(9, 3);1;1;2078
;(13, 6);;(9, 3);1;1;2079
;(13, 6);;(9, 3);1;1;2080
;(13, 6);;(9, 3);1;1;2081
;(13, 6);;(9, 3);1;1;2082
;(13, 6);;(9, 3);1;1;2083
;(13, 6);;(9, 3);1;1;2084
;(13, 6);;(9, 3);1;1;2085
;(13, 6);;(9, 3);1;1;2086
;(13, 6);;(9, 3);1;1;2087
;(13, 6);;(9, 3);1;1;2088
;(13, 6);;(9, 3);1;1;2089
;(13, 6);;(9, 3);1;1;2090
;(13, 6);;(9, 3);1;1;2091
;(13, 6);;(9, 3);1;1;2092
;(13, 6);;(9, 3);1;1;2093
;(13, 6);;(9, 3);1;1;2094
;(13, 6);;(9, 3);1;1;2095
;(13, 6);;(9, 3);1;1;2096
;(13, 6);;(9, 3);1;1;2097
;(13, 6);;(9, 3);1;1;2098
;(13, 6);;(9, 3);1;1;2099
;(13, 6);;(9, 3);1;1;2100
;(13, 6);;(9, 3);1;1;2101
;(13, 6);;(9, 3);1;1;2102
;(13, 6);;(9, 3);1;1;2103
;(13, 6);;(9, 3);1;1;2104
;(13, 6);;(9, 3);1;1;2105
;(13, 6);;(9, 3);1;1;2106
;(13, 6);;(9, 3);1;1;2107
;(13, 6);;(9, 3);1;1;2108
;(13, 6);;(9, 3);1;1;2109
;(13, 6);;(9, 3);1;1;2110
;(13, 6);;(9, 3);1;1;2111
;(13, 6);;(9, 3);1;1;2112
;(13, 6);;(9, 3);1;1;2113
;(13, 6);;(9, 3);1;1;2114
;(13, 6);;(9, 3);1;1;2115
;(13, 6);;(9, 3);1;1;2116
;(13, 6);;(9, 3);1;1;2117
;(13, 6);;(9, 3);1;1;2118
;(13, 6);;(9, 3);1;1;2119
;(13, 6);;(9, 3);1;1;2120
;(13, 6);;(9, 3);1;1;2121
;(13, 6);;(9, 3);1;1;2122
;(13, 6);;(9, 3);1;1;2123
;(13, 6);;(9, 3);1;1;2124
;(13, 6);;(9, 3);1;1;2125
;(13, 6);;(9, 3);1;1;2126
;(13, 6);;(9, 3);1;1;2127
;(13, 6);;(9, 3);1;1;2128
;(13, 6);;(9, 3);1;1;2129
;(13, 6);;(9, 3);1;1;2130
;(13, 6);;(9, 3);1;1;2131
;(13, 6);;(9, 3);1;1;2132
;(13, 6);;(9, 3);1;1;2133
;(13, 6);;(9, 3);1;1;2134
;(13, 6);;(9, 3);1;1;2135
;(13, 6);;(9, 3);1;1;2136
;(13, 6);;(9, 3);1;1;2137
;(13, 6);;(9, 3);1;1;2138
;(13, 6);;(9, 3);1;1;2139
;(13, 6);;(9, 3);1;1;2140
;(13, 6);;(9, 3);1;1;2141
;(13, 6);;(9, 3);1;1;2142
;(13, 6);;(9, 3);1;1;2143
;(13, 6);;(9, 3);1;1;2144
;(13, 6);;(9, 3);1;1;2145
;(13, 6);;(9, 3);1;1;2146
;(13, 6);;(9, 3);1;1;2147
;(13, 6);;(9, 3);1;1;2148
;(13, 6);;(9, 3);1;1;2149
;(13, 6);;(9, 3);1;1;2150
;(13, 6);;(9, 3);1;1;2151
;(13, 6);;(9, 3);1;1;2152
;(13, 6);;(9, 3);1;1;2153
;(13, 6);;(9, 3);1;1;2154
;(13, 6);;(9, 3);1;1;2155
;(13, 6);;(9, 3);1;1;2156
;(13, 6);;(9, 3);1;1;2157
;(13, 6);;(9, 3);1;1;2158
;(13, 6);;(9, 3);1;1;2159
;(13, 6);;(9, 3);1;1;2160
;(13, 6);;(9, 3);1;1;2161
;(13, 6);;(9, 3);1;1;2162
;(13, 6);;(9, 3);1;1;2163
;(13, 6);;(9, 3);1;1;2164
;(13, 6);;(9, 3);1;1;2165
;(13, 6);;(9, 3);1;1;2166
;(13, 6);;(9, 3);1;1;2167
;(13, 6);;(9, 3);1;1;2168
;(13, 6);;(9, 3);1;1;2169
;(13, 6);;(9, 3);1;1;2170
;(13, 6);;(9, 3);1;1;2171
;(13, 6);;(9, 3);1;1;2172
;(13, 6);;(9, 3);1;1;2173
;(13, 6);;(9, 3);1;1;2174
;(13, 6);;(9, 3);1;1;2175
;(13, 6);;(9, 3);1;1;2176
;(13, 6);;(9, 3);1;1;2177
;(13, 6);;(9, 3);1;1;2178
;(13, 6);;(9, 3);1;1;2179
;(13, 6);;(9, 3);1;1;2180
;(13, 6);;(9, 3);1;1;2181
;(13, 6);;(9, 3);1;1;2182
;(13, 6);;(9, 3);1;1;2183
;(13, 6);;(9, 3);1;1;2184
;(13, 6);;(9, 3);1;1;2185
;(13, 6);;(9, 3);1;1;2186
;(13, 6);;(9, 3);1;1;2187
;(13, 6);;(9, 3);1;1;2188
;(13, 6);;(9, 3);1;1;2189
;(13, 6);;(9, 3);1;1;2190
;(13, 6);;(9, 3);1;1;2191
;(13, 6);;(9, 3);1;1;2192
;(13, 6);;(9, 3);1;1;2193
;(13, 6);;(9, 3);1;1;2194
;(13, 6);;(9, 3);1;1;2195
;(13, 6);;(9, 3);1;1;2196
;(13, 6);;(9, 3);1;1;2197
;(13, 6);;(9, 3);1;1;2198
;(13, 6);;(9, 3);1;1;2199
;(13, 6);;(9, 3);1;1;2200
;(13, 6);;(9, 3);1;1;2201
;(13, 6);;(9, 3);1;1;2202
;(13, 6);;(9, 3);1;1;2203
;(13, 6);;(9, 3);1;1;2204
;(13, 6);;(9, 3);1;1;2205
;(13, 6);;(9, 3);1;1;2206
;(13, 6);;(9, 3);1;1;2207
;(13, 6);;(9, 3);1;1;2208
;(13, 6);;(9, 3);1;1;2209
;(13, 6);;(9, 3);1;1;2210
;(13, 6);;(9, 3);1;1;2211
;(13, 6);;(9, 3);1;1;2212
;(13, 6);;(9, 3);1;1;2213
;(13, 6);;(9, 3);1;1;2214
;(13, 6);;(9, 3);1;1;2215
;(13, 6);;(9, 3);1;1;2216
;(13, 6);;(9, 3);1;1;2217
;(13, 6);;(9, 3);1;1;2218
;(13, 6);;(9, 3);1;1;2219
;(13, 6);;(9, 3);1;1;2220
;(13, 6);;(9, 3);1;1;2221
;(13, 6);;(9, 3);1;1;2222
;(13, 6);;(9, 3);1;1;2223
;(13, 6);;(9, 3);1;1;2224
;(13, 6);;(9, 3);1;1;2225
;(13, 6);;(9, 3);1;1;2226
;(13, 6);;(9, 3);1;1;2227
;(13, 6);;(9, 3);1;1;2228
;(13, 6);;(9, 3);1;1;2229
;(13, 6);;(9, 3);1;1;2230
;(13, 6);;(9, 3);1;1;2231
;(13, 6);;(9, 3);1;1;2232
;(13, 6);;(9, 3);1;1;2233
;(13, 6);;(9, 3);1;1;2234
;(13, 6);;(9, 3);1;1;2235
;(13, 6);;(9, 3);1;1;2236
;(13, 6);;(9, 3);1;1;2237
;(13, 6);;(9, 3);1;1;2238
;(13, 6);;(9, 3);1;1;2239
;(13, 6);;(9, 3);1;1;2240
;(13, 6);;(9, 3);1;1;2241
;(13, 6);;(9, 3);1;1;2242
;(13, 6);;(9, 3);1;1;2243
;(13, 6);;(9, 3);1;1;2244
;(13, 6);;(9, 3);1;1;2245
;(13, 6);;(9, 3);1;1;2246
;(13, 6);;(9, 3);1;1;2247
;(13, 6);;(9, 3);1;1;2248
;(13, 6);;(9, 3);1;1;2249
;(13, 6);;(9, 3);1;1;2250
;(13, 6);;(9, 3);1;1;2251
;(13, 6);;(9, 3);1;1;2252
;(13, 6);;(9, 3);1;1;2253
;(13, 6);;(9, 3);1;1;2254
;(13, 6);;(9, 3);1;1;2255
;(13, 6);;(9, 3);1;1;2256
;(13, 6);;(9, 3);1;1;2257
;(13, 6);;(9, 3);1;1;2258
;(13, 6);;(9, 3);1;1;2259
;(13, 6);;(9, 3);1;1;2260
;(13, 6);;(9, 3);1;1;2261
;(13, 6);;(9, 3);1;1;2262
;(13, 6);;(9, 3);1;1;2263
;(13, 6);;(9, 3);1;1;2264
;(13, 6);;(9, 3);1;1;2265
;(13, 6);;(9, 3);1;1;2266
;(13, 6);;(9, 3);1;1;2267
;(13, 6);;(9, 3);1;1;2268
;(13, 6);;(9, 3);1;1;2269
;(13, 6);;(9, 3);1;1;2270
;(13, 6);;(9, 3);1;1;2271
;(13, 6);;(9, 3);1;1;2272
;(13, 6);;(9, 3);1;1;2273
;(13, 6);;(9, 3);1;1;2274
;(13, 6);;(9, 3);1;1;2275
;(13, 6);;(9, 3);1;1;2276
;(13, 6);;(9, 3);1;1;2277
;(13, 6);;(9, 3);1;1;2278
;(13, 6);;(9, 3);1;1;2279
;(13, 6);;(9, 3);1;1;2280
;(13, 6);;(9, 3);1;1;2281
;(13, 6);;(9, 3);1;1;2282
;(13, 6);;(9, 3);1;1;2283
;(13, 6);;(9, 3);1;1;2284
;(13, 6);;(9, 3);1;1;2285
;(13, 6);;(9, 3);1;1;2286
;(13, 6);;(9, 3);1;1;2287
;(13, 6);;(9, 3);1;1;2288
;(13, 6);;(9, 3);1;1;2289
;(13, 6);;(9, 3);1;1;2290
;(13, 6);;(9, 3);1;1;2291
;(13, 6);;(9, 3);1;1;2292
;(13, 6);;(9, 3);1;1;2293
;(13, 6);;(9, 3);1;1;2294
;(13, 6);;(9, 3);1;1;2295
;(13, 6);;(9, 3);1;1;2296
;(13, 6);;(9, 3);1;1;2297
;(13, 6);;(9, 3);1;1;2298
;(13, 6);;(9, 3);1;1;2299
;(13, 6);;(9, 3);1;1;2300
;(13, 6);;(9, 3);1;1;2301
;(13, 6);;(9, 3);1;1;2302
;(13, 6);;(9, 3);1;1;2303
;(13, 6);;(9, 3);1;1;2304
;(13, 6);;(9, 3);1;1;2305
;(13, 6);;(9, 3);1;1;2306
;(13, 6);;(9, 3);1;1;2307
;(13, 6);;(9, 3);1;1;2308
;(13, 6);;(9, 3);1;1;2309
;(13, 6);;(9, 3);1;1;2310
;(13, 6);;(9, 3);1;1;2311
;(13, 6);;(9, 3);1;1;2312
;(13, 6);;(9, 3);1;1;2313
;(13, 6);;(9, 3);1;1;2314
;(13, 6);;(9, 3);1;1;2315
;(13, 6);;(9, 3);1;1;2316
;(13, 6);;(9, 3);1;1;2317
;(13, 6);;(9, 3);1;1;2318
;(13, 6);;(9, 3);1;1;2319
;(13, 6);;(9, 3);1;1;2320
;(13, 6);;(9, 3);1;1;2321
;(13, 6);;(9, 3);1;1;2322
;(13, 6);;(9, 3);1;1;2323
;(13, 6);;(9, 3);1;1;2324
;(13, 6);;(9, 3);1;1;2325
;(13, 6);;(9, 3);1;1;2326
;(13, 6);;(9, 3);1;1;2327
;(13, 6);;(9, 3);1;1;2328
;(13, 6);;(9, 3);1;1;2329
;(13, 6);;(9, 3);1;1;2330
;(13, 6);;(9, 3);1;1;2331
;(13, 6);;(9, 3);1;1;2332
;(13, 6);;(9, 3);1;1;2333
;(13, 6);;(9, 3);1;1;2334
;(13, 6);;(9, 3);1;1;2335
;(13, 6);;(9, 3);1;1;2336
;(13, 6);;(9, 3);1;1;2337
;(13, 6);;(9, 3);1;1;2338
;(13, 6);;(9, 3);1;1;2339
;(13, 6);;(9, 3);1;1;2340
;(13, 6);;(9, 3);1;1;2341
;(13, 6);;(9, 3);1;1;2342
;(13, 6);;(9, 3);1;1;2343
;(13, 6);;(9, 3);1;1;2344
;(13, 6);;(9, 3);1;1;2345
;(13, 6);;(9, 3);1;1;2346
;(13, 6);;(9, 3);1;1;2347
;(13, 6);;(9, 3);1;1;2348
;(13, 6);;(9, 3);1;1;2349
;(13, 6);;(9, 3);1;1;2350
;(13, 6);;(9, 3);1;1;2351
;(13, 6);;(9, 3);1;1;2352
;(13, 6);;(9, 3);1;1;2353
;(13, 6);;(9, 3);1;1;2354
;(13, 6);;(9, 3);1;1;2355
;(13, 6);;(9, 3);1;1;2356
;(13, 6);;(9, 3);1;1;2357
;(13, 6);;(9, 3);1;1;2358
;(13, 6);;(9, 3);1;1;2359
;(13, 6);;(9, 3);1;1;2360
;(13, 6);;(9, 3);1;1;2361
;(13, 6);;(9, 3);1;1;2362
;(13, 6);;(9, 3);1;1;2363
;(13, 6);;(9, 3);1;1;2364
;(13, 6);;(9, 3);1;1;2365
;(13, 6);;(9, 3);1;1;2366
;(13, 6);;(9, 3);1;1;2367
;(13, 6);;(9, 3);1;1;2368
;(13, 6);;(9, 3);1;1;2369
;(13, 6);;(9, 3);1;1;2370
;(13, 6);;(9, 3);1;1;2371
;(13, 6);;(9, 3);1;1;2372
;(13, 6);;(9, 3);1;1;2373
;(13, 6);;(9, 3);1;1;2374
;(13, 6);;(9, 3);1;1;2375
;(13, 6);;(9, 3);1;1;2376
;(13, 6);;(9, 3);1;1;2377
;(13, 6);;(9, 3);1;1;2378
;(13, 6);;(9, 3);1;1;2379
;(13, 6);;(9, 3);1;1;2380
;(13, 6);;(9, 3);1;1;2381
;(13, 6);;(9, 3);1;1;2382
;(13, 6);;(9, 3);1;1;2383
;(13, 6);;(9, 3);1;1;2384
;(13, 6);;(9, 3);1;1;2385
;(13, 6);;(9, 3);1;1;2386
;(13, 6);;(9, 3);1;1;2387
;(13, 6);;(9, 3);1;1;2388
;(13, 6);;(9, 3);1;1;2389
;(13, 6);;(9, 3);1;1;2390
;(13, 6);;(9, 3);1;1;2391
;(13, 6);;(9, 3);1;1;2392
;(13, 6);;(9, 3);1;1;2393
;(13, 6);;(9, 3);1;1;2394
;(13, 6);;(9, 3);1;1;2395
;(13, 6);;(9, 3);1;1;2396
;(13, 6);;(9, 3);1;1;2397
;(13, 6);;(9, 3);1;1;2398
;(13, 6);;(9, 3);1;1;2399
;(13, 6);;(9, 3);1;1;2400
;(13, 6);;(9, 3);1;1;2401
;(13, 6);;(9, 3);1;1;2402
;(13, 6);;(9, 3);1;1;2403
;(13, 6);;(9, 3);1;1;2404
;(13, 6);;(9, 3);1;1;2405
;(13, 6);;(9, 3);1;1;2406
;(13, 6);;(9, 3);1;1;2407
;(13, 6);;(9, 3);1;1;2408
;(13, 6);;(9, 3);1;1;2409
;(13, 6);;(9, 3);1;1;2410
;(13, 6);;(9, 3);1;1;2411
;(13, 6);;(9, 3);1;1;2412
;(13, 6);;(9, 3);1;1;2413
;(13, 6);;(9, 3);1;1;2414
;(13, 6);;(9, 3);1;1;2415
;(13, 6);;(9, 3);1;1;2416
;(13, 6);;(9, 3);1;1;2417
;(13, 6);;(9, 3);1;1;2418
;(13, 6);;(9, 3);1;1;2419
;(13, 6);;(9, 3);1;1;2420
;(13, 6);;(9, 3);1;1;2421
;(13, 6);;(9, 3);1;1;2422
;(13, 6);;(9, 3);1;1;2423
;(13, 6);;(9, 3);1;1;2424
;(13, 6);;(9, 3);1;1;2425
;(13, 6);;(9, 3);1;1;2426
;(13, 6);;(9, 3);1;1;2427
;(13, 6);;(9, 3);1;1;2428
;(13, 6);;(9, 3);1;1;2429
;(13, 6);;(9, 3);1;1;2430
;(13, 6);;(9, 3);1;1;2431
;(13, 6);;(9, 3);1;1;2432
;(13, 6);;(9, 3);1;1;2433
;(13, 6);;(9, 3);1;1;2434
;(13, 6);;(9, 3);1;1;2435
;(13, 6);;(9, 3);1;1;2436
;(13, 6);;(9, 3);1;1;2437
;(13, 6);;(9, 3);1;1;2438
;(13, 6);;(9, 3);1;1;2439
;(13, 6);;(9, 3);1;1;2440
;(13, 6);;(9, 3);1;1;2441
;(13, 6);;(9, 3);1;1;2442
;(13, 6);;(9, 3);1;1;2443
;(13, 6);;(9, 3);1;1;2444
;(13, 6);;(9, 3);1;1;2445
;(13, 6);;(9, 3);1;1;2446
;(13, 6);;(9, 3);1;1;2447
;(13, 6);;(9, 3);1;1;2448
;(13, 6);;(9, 3);1;1;2449
;(13, 6);;(9, 3);1;1;2450
;(13, 6);;(9, 3);1;1;2451
;(13, 6);;(9, 3);1;1;2452
;(13, 6);;(9, 3);1;1;2453
;(13, 6);;(9, 3);1;1;2454
;(13, 6);;(9, 3);1;1;2455
;(13, 6);;(9, 3);1;1;2456
;(13, 6);;(9, 3);1;1;2457
;(13, 6);;(9, 3);1;1;2458
;(13, 6);;(9, 3);1;1;2459
;(13, 6);;(9, 3);1;1;2460
;(13, 6);;(9, 3);1;1;2461
;(13, 6);;(9, 3);1;1;2462
;(13, 6);;(9, 3);1;1;2463
;(13, 6);;(9, 3);1;1;2464
;(13, 6);;(9, 3);1;1;2465
;(13, 6);;(9, 3);1;1;2466
;(13, 6);;(9, 3);1;1;2467
;(13, 6);;(9, 3);1;1;2468
;(13, 6);;(9, 3);1;1;2469
;(13, 6);;(9, 3);1;1;2470
;(13, 6);;(9, 3);1;1;2471
;(13, 6);;(9, 3);1;1;2472
;(13, 6);;(9, 3);1;1;2473
;(13, 6);;(9, 3);1;1;2474
;(13, 6);;(9, 3);1;1;2475
;(13, 6);;(9, 3);1;1;2476
;(13, 6);;(9, 3);1;1;2477
;(13, 6);;(9, 3);1;1;2478
;(13, 6);;(9, 3);1;1;2479
;(13, 6);;(9, 3);1;1;2480
;(13, 6);;(9, 3);1;1;2481
;(13, 6);;(9, 3);1;1;2482
;(13, 6);;(9, 3);1;1;2483
;(13, 6);;(9, 3);1;1;2484
;(13, 6);;(9, 3);1;1;2485
;(13, 6);;(9, 3);1;1;2486
;(13, 6);;(9, 3);1;1;2487
;(13, 6);;(9, 3);1;1;2488
;(13, 6);;(9, 3);1;1;2489
;(13, 6);;(9, 3);1;1;2490
;(13, 6);;(9, 3);1;1;2491
;(13, 6);;(9, 3);1;1;2492
;(13, 6);;(9, 3);1;1;2493
;(13, 6);;(9, 3);1;1;2494
;(13, 6);;(9, 3);1;1;2495
;(13, 6);;(9, 3);1;1;2496
;(13, 6);;(9, 3);1;1;2497
;(13, 6);;(9, 3);1;1;2498
;(13, 6);;(9, 3);1;1;2499
;(13, 6);;(9, 3);1;1;2500
;(13, 6);;(9, 3);1;1;2501
;(13, 6);;(9, 3);1;1;2502
;(13, 6);;(9, 3);1;1;2503
;(13, 6);;(9, 3);1;1;2504
;(13, 6);;(9, 3);1;1;2505
;(13, 6);;(9, 3);1;1;2506
;(13, 6);;(9, 3);1;1;2507
;(13, 6);;(9, 3);1;1;2508
;(13, 6);;(9, 3);1;1;2509
;(13, 6);;(9, 3);1;1;2510
;(13, 6);;(9, 3);1;1;2511
;(13, 6);;(9, 3);1;1;2512
;(13, 6);;(9, 3);1;1;2513
;(13, 6);;(9, 3);1;1;2514
;(13, 6);;(9, 3);1;1;2515
;(13, 6);;(9, 3);1;1;2516
;(13, 6);;(9, 3);1;1;2517
;(13, 6);;(9, 3);1;1;2518
;(13, 6);;(9, 3);1;1;2519
;(13, 6);;(9, 3);1;1;2520
;(13, 6);;(9, 3);1;1;2521
;(13, 6);;(9, 3);1;1;2522
;(13, 6);;(9, 3);1;1;2523
;(13, 6);;(9, 3);1;1;2524
;(13, 6);;(9, 3);1;1;2525
;(13, 6);;(9, 3);1;1;2526
;(13, 6);;(9, 3);1;1;2527
;(13, 6);;(9, 3);1;1;2528
;(13, 6);;(9, 3);1;1;2529
;(13, 6);;(9, 3);1;1;2530
;(13, 6);;(9, 3);1;1;2531
;(13, 6);;(9, 3);1;1;2532
;(13, 6);;(9, 3);1;1;2533
;(13, 6);;(9, 3);1;1;2534
;(13, 6);;(9, 3);1;1;2535
;(13, 6);;(9, 3);1;1;2536
;(13, 6);;(9, 3);1;1;2537
;(13, 6);;(9, 3);1;1;2538
;(13, 6);;(9, 3);1;1;2539
;(13, 6);;(9, 3);1;1;2540
;(13, 6);;(9, 3);1;1;2541
;(13, 6);;(9, 3);1;1;2542
;(13, 6);;(9, 3);1;1;2543
;(13, 6);;(9, 3);1;1;2544
;(13, 6);;(9, 3);1;1;2545
;(13, 6);;(9, 3);1;1;2546
;(13, 6);;(9, 3);1;1;2547
;(13, 6);;(9, 3);1;1;2548
;(13, 6);;(9, 3);1;1;2549
;(13, 6);;(9, 3);1;1;2550
;(13, 6);;(9, 3);1;1;2551
;(13, 6);;(9, 3);1;1;2552
;(13, 6);;(9, 3);1;1;2553
;(13, 6);;(9, 3);1;1;2554
;(13, 6);;(9, 3);1;1;2555
;(13, 6);;(9, 3);1;1;2556
;(13, 6);;(9, 3);1;1;2557
;(13, 6);;(9, 3);1;1;2558
;(13, 6);;(9, 3);1;1;2559
;(13, 6);;(9, 3);1;1;2560
;(13, 6);;(9, 3);1;1;2561
;(13, 6);;(9, 3);1;1;2562
;(13, 6);;(9, 3);1;1;2563
;(13, 6);;(9, 3);1;1;2564
;(13, 6);;(9, 3);1;1;2565
;(13, 6);;(9, 3);1;1;2566
;(13, 6);;(9, 3);1;1;2567
;(13, 6);;(9, 3);1;1;2568
;(13, 6);;(9, 3);1;1;2569
;(13, 6);;(9, 3);1;1;2570
;(13, 6);;(9, 3);1;1;2571
;(13, 6);;(9, 3);1;1;2572
;(13, 6);;(9, 3);1;1;2573
;(13, 6);;(9, 3);1;1;2574
;(13, 6);;(9, 3);1;1;2575
;(13, 6);;(9, 3);1;1;2576
;(13, 6);;(9, 3);1;1;2577
;(13, 6);;(9, 3);1;1;2578
;(13, 6);;(9, 3);1;1;2579
;(13, 6);;(9, 3);1;1;2580
;(13, 6);;(9, 3);1;1;2581
;(13, 6);;(9, 3);1;1;2582
;(13, 6);;(9, 3);1;1;2583
;(13, 6);;(9, 3);1;1;2584
;(13, 6);;(9, 3);1;1;2585
;(13, 6);;(9, 3);1;1;2586
;(13, 6);;(9, 3);1;1;2587
;(13, 6);;(9, 3);1;1;2588
;(13, 6);;(9, 3);1;1;2589
;(13, 6);;(9, 3);1;1;2590
;(13, 6);;(9, 3);1;1;2591
;(13, 6);;(9, 3);1;1;2592
;(13, 6);;(9, 3);1;1;2593
;(13, 6);;(9, 3);1;1;2594
;(13, 6);;(9, 3);1;1;2595
;(13, 6);;(9, 3);1;1;2596
;(13, 6);;(9, 3);1;1;2597
;(13, 6);;(9, 3);1;1;2598
;(13, 6);;(9, 3);1;1;2599
;(13, 6);;(9, 3);1;1;2600
;(13, 6);;(9, 3);1;1;2601
;(13, 6);;(9, 3);1;1;2602
;(13, 6);;(9, 3);1;1;2603
;(13, 6);;(9, 3);1;1;2604
;(13, 6);;(9, 3);1;1;2605
;(13, 6);;(9, 3);1;1;2606
;(13, 6);;(9, 3);1;1;2607
;(13, 6);;(9, 3);1;1;2608
;(13, 6);;(9, 3);1;1;2609
;(13, 6);;(9, 3);1;1;2610
;(13, 6);;(9, 3);1;1;2611
;(13, 6);;(9, 3);1;1;2612
;(13, 6);;(9, 3);1;1;2613
;(13, 6);;(9, 3);1;1;2614
;(13, 6);;(9, 3);1;1;2615
;(13, 6);;(9, 3);1;1;2616
;(13, 6);;(9, 3);1;1;2617
;(13, 6);;(9, 3);1;1;2618
;(13, 6);;(9, 3);1;1;2619
;(13, 6);;(9, 3);1;1;2620
;(13, 6);;(9, 3);1;1;2621
;(13, 6);;(9, 3);1;1;2622
;(13, 6);;(9, 3);1;1;2623
;(13, 6);;(9, 3);1;1;2624
;(13, 6);;(9, 3);1;1;2625
;(13, 6);;(9, 3);1;1;2626
;(13, 6);;(9, 3);1;1;2627
;(13, 6);;(9, 3);1;1;2628
;(13, 6);;(9, 3);1;1;2629
;(13, 6);;(9, 3);1;1;2630
;(13, 6);;(9, 3);1;1;2631
;(13, 6);;(9, 3);1;1;2632
;(13, 6);;(9, 3);1;1;2633
;(13, 6);;(9, 3);1;1;2634
;(13, 6);;(9, 3);1;1;2635
;(13, 6);;(9, 3);1;1;2636
;(13, 6);;(9, 3);1;1;2637
;(13, 6);;(9, 3);1;1;2638
;(13, 6);;(9, 3);1;1;2639
;(13, 6);;(9, 3);1;1;2640
;(13, 6);;(9, 3);1;1;2641
;(13, 6);;(9, 3);1;1;2642
;(13, 6);;(9, 3);1;1;2643
;(13, 6);;(9, 3);1;1;2644
;(13, 6);;(9, 3);1;1;2645
;(13, 6);;(9, 3);1;1;2646
;(13, 6);;(9, 3);1;1;2647
;(13, 6);;(9, 3);1;1;2648
;(13, 6);;(9, 3);1;1;2649
;(13, 6);;(9, 3);1;1;2650
;(13, 6);;(9, 3);1;1;2651
;(13, 6);;(9, 3);1;1;2652
;(13, 6);;(9, 3);1;1;2653
;(13, 6);;(9, 3);1;1;2654
;(13, 6);;(9, 3);1;1;2655
;(13, 6);;(9, 3);1;1;2656
;(13, 6);;(9, 3);1;1;2657
;(13, 6);;(9, 3);1;1;2658
;(13, 6);;(9, 3);1;1;2659
;(13, 6);;(9, 3);1;1;2660
;(13, 6);;(9, 3);1;1;2661
;(13, 6);;(9, 3);1;1;2662
;(13, 6);;(9, 3);1;1;2663
;(13, 6);;(9, 3);1;1;2664
;(13, 6);;(9, 3);1;1;2665
;(13, 6);;(9, 3);1;1;2666
;(13, 6);;(9, 3);1;1;2667
;(13, 6);;(9, 3);1;1;2668
;(13, 6);;(9, 3);1;1;2669
;(13, 6);;(9, 3);1;1;2670
;(13, 6);;(9, 3);1;1;2671
;(13, 6);;(9, 3);1;1;2672
;(13, 6);;(9, 3);1;1;2673
;(13, 6);;(9, 3);1;1;2674
;(13, 6);;(9, 3);1;1;2675
;(13, 6);;(9, 3);1;1;2676
;(13, 6);;(9, 3);1;1;2677
;(13, 6);;(9, 3);1;1;2678
;(13, 6);;(9, 3);1;1;2679
;(13, 6);;(9, 3);1;1;2680
;(13, 6);;(9, 3);1;1;2681
;(13, 6);;(9, 3);1;1;2682
;(13, 6);;(9, 3);1;1;2683
;(13, 6);;(9, 3);1;1;2684
;(13, 6);;(9, 3);1;1;2685
;(13, 6);;(9, 3);1;1;2686
;(13, 6);;(9, 3);1;1;2687
;(13, 6);;(9, 3);1;1;2688
;(13, 6);;(9, 3);1;1;2689
;(13, 6);;(9, 3);1;1;2690
;(13, 6);;(9, 3);1;1;2691
;(13, 6);;(9, 3);1;1;2692
;(13, 6);;(9, 3);1;1;2693
;(13, 6);;(9, 3);1;1;2694
;(13, 6);;(9, 3);1;1;2695
;(13, 6);;(9, 3);1;1;2696
;(13, 6);;(9, 3);1;1;2697
;(13, 6);;(9, 3);1;1;2698
;(13, 6);;(9, 3);1;1;2699
;(13, 6);;(9, 3);1;1;2700
;(13, 6);;(9, 3);1;1;2701
;(13, 6);;(9, 3);1;1;2702
;(13, 6);;(9, 3);1;1;2703
;(13, 6);;(9, 3);1;1;2704
;(13, 6);;(9, 3);1;1;2705
;(13, 6);;(9, 3);1;1;2706
;(13, 6);;(9, 3);1;1;2707
;(13, 6);;(9, 3);1;1;2708
;(13, 6);;(9, 3);1;1;2709
;(13, 6);;(9, 3);1;1;2710
;(13, 6);;(9, 3);1;1;2711
;(13, 6);;(9, 3);1;1;2712
;(13, 6);;(9, 3);1;1;2713
;(13, 6);;(9, 3);1;1;2714
;(13, 6);;(9, 3);1;1;2715
;(13, 6);;(9, 3);1;1;2716
;(13, 6);;(9, 3);1;1;2717
;(13, 6);;(9, 3);1;1;2718
;(13, 6);;(9, 3);1;1;2719
;(13, 6);;(9, 3);1;1;2720
;(13, 6);;(9, 3);1;1;2721
;(13, 6);;(9, 3);1;1;2722
;(13, 6);;(9, 3);1;1;2723
;(13, 6);;(9, 3);1;1;2724
;(13, 6);;(9, 3);1;1;2725
;(13, 6);;(9, 3);1;1;2726
;(13, 6);;(9, 3);1;1;2727
;(13, 6);;(9, 3);1;1;2728
;(13, 6);;(9, 3);1;1;2729
;(13, 6);;(9, 3);1;1;2730
;(13, 6);;(9, 3);1;1;2731
;(13, 6);;(9, 3);1;1;2732
;(13, 6);;(9, 3);1;1;2733
;(13, 6);;(9, 3);1;1;2734
;(13, 6);;(9, 3);1;1;2735
;(13, 6);;(9, 3);1;1;2736
;(13, 6);;(9, 3);1;1;2737
;(13, 6);;(9, 3);1;1;2738
;(13, 6);;(9, 3);1;1;2739
;(13, 6);;(9, 3);1;1;2740
;(13, 6);;(9, 3);1;1;2741
;(13, 6);;(9, 3);1;1;2742
;(13, 6);;(9, 3);1;1;2743
;(13, 6);;(9, 3);1;1;2744
;(13, 6);;(9, 3);1;1;2745
;(13, 6);;(9, 3);1;1;2746
;(13, 6);;(9, 3);1;1;2747
;(13, 6);;(9, 3);1;1;2748
;(13, 6);;(9, 3);1;1;2749
;(13, 6);;(9, 3);1;1;2750
;(13, 6);;(9, 3);1;1;2751
;(13, 6);;(9, 3);1;1;2752
;(13, 6);;(9, 3);1;1;2753
;(13, 6);;(9, 3);1;1;2754
;(13, 6);;(9, 3);1;1;2755
;(13, 6);;(9, 3);1;1;2756
;(13, 6);;(9, 3);1;1;2757
;(13, 6);;(9, 3);1;1;2758
;(13, 6);;(9, 3);1;1;2759
;(13, 6);;(9, 3);1;1;2760
;(13, 6);;(9, 3);1;1;2761
;(13, 6);;(9, 3);1;1;2762
;(13, 6);;(9, 3);1;1;2763
;(13, 6);;(9, 3);1;1;2764
;(13, 6);;(9, 3);1;1;2765
;(13, 6);;(9, 3);1;1;2766
;(13, 6);;(9, 3);1;1;2767
;(13, 6);;(9, 3);1;1;2768
;(13, 6);;(9, 3);1;1;2769
;(13, 6);;(9, 3);1;1;2770
;(13, 6);;(9, 3);1;1;2771
;(13, 6);;(9, 3);1;1;2772
;(13, 6);;(9, 3);1;1;2773
;(13, 6);;(9, 3);1;1;2774
;(13, 6);;(9, 3);1;1;2775
;(13, 6);;(9, 3);1;1;2776
;(13, 6);;(9, 3);1;1;2777
;(13, 6);;(9, 3);1;1;2778
;(13, 6);;(9, 3);1;1;2779
;(13, 6);;(9, 3);1;1;2780
;(13, 6);;(9, 3);1;1;2781
;(13, 6);;(9, 3);1;1;2782
;(13, 6);;(9, 3);1;1;2783
;(13, 6);;(9, 3);1;1;2784
;(13, 6);;(9, 3);1;1;2785
;(13, 6);;(9, 3);1;1;2786
;(13, 6);;(9, 3);1;1;2787
;(13, 6);;(9, 3);1;1;2788
;(13, 6);;(9, 3);1;1;2789
;(13, 6);;(9, 3);1;1;2790
;(13, 6);;(9, 3);1;1;2791
;(13, 6);;(9, 3);1;1;2792
;(13, 6);;(9, 3);1;1;2793
;(13, 6);;(9, 3);1;1;2794
;(13, 6);;(9, 3);1;1;2795
;(13, 6);;(9, 3);1;1;2796
;(13, 6);;(9, 3);1;1;2797
;(13, 6);;(9, 3);1;1;2798
;(13, 6);;(9, 3);1;1;2799
;(13, 6);;(9, 3);1;1;2800
;(13, 6);;(9, 3);1;1;2801
;(13, 6);;(9, 3);1;1;2802
;(13, 6);;(9, 3);1;1;2803
;(13, 6);;(9, 3);1;1;2804
;(13, 6);;(9, 3);1;1;2805
;(13, 6);;(9, 3);1;1;2806
;(13, 6);;(9, 3);1;1;2807
;(13, 6);;(9, 3);1;1;2808
;(13, 6);;(9, 3);1;1;2809
;(13, 6);;(9, 3);1;1;2810
;(13, 6);;(9, 3);1;1;2811
;(13, 6);;(9, 3);1;1;2812
;(13, 6);;(9, 3);1;1;2813
;(13, 6);;(9, 3);1;1;2814
;(13, 6);;(9, 3);1;1;2815
;(13, 6);;(9, 3);1;1;2816
;(13, 6);;(9, 3);1;1;2817
;(13, 6);;(9, 3);1;1;2818
;(13, 6);;(9, 3);1;1;2819
;(13, 6);;(9, 3);1;1;2820
;(13, 6);;(9, 3);1;1;2821
;(13, 6);;(9, 3);1;1;2822
;(13, 6);;(9, 3);1;1;2823
;(13, 6);;(9, 3);1;1;2824
;(13, 6);;(9, 3);1;1;2825
;(13, 6);;(9, 3);1;1;2826
;(13, 6);;(9, 3);1;1;2827
;(13, 6);;(9, 3);1;1;2828
;(13, 6);;(9, 3);1;1;2829
;(13, 6);;(9, 3);1;1;2830
;(13, 6);;(9, 3);1;1;2831
;(13, 6);;(9, 3);1;1;2832
;(13, 6);;(9, 3);1;1;2833
;(13, 6);;(9, 3);1;1;2834
;(13, 6);;(9, 3);1;1;2835
;(13, 6);;(9, 3);1;1;2836
;(13, 6);;(9, 3);1;1;2837
;(13, 6);;(9, 3);1;1;2838
;(13, 6);;(9, 3);1;1;2839
;(13, 6);;(9, 3);1;1;2840
;(13, 6);;(9, 3);1;1;2841
;(13, 6);;(9, 3);1;1;2842
;(13, 6);;(9, 3);1;1;2843
;(13, 6);;(9, 3);1;1;2844
;(13, 6);;(9, 3);1;1;2845
;(13, 6);;(9, 3);1;1;2846
;(13, 6);;(9, 3);1;1;2847
;(13, 6);;(9, 3);1;1;2848
;(13, 6);;(9, 3);1;1;2849
;(13, 6);;(9, 3);1;1;2850
;(13, 6);;(9, 3);1;1;2851
;(13, 6);;(9, 3);1;1;2852
;(13, 6);;(9, 3);1;1;2853
;(13, 6);;(9, 3);1;1;2854
;(13, 6);;(9, 3);1;1;2855
;(13, 6);;(9, 3);1;1;2856
;(13, 6);;(9, 3);1;1;2857
;(13, 6);;(9, 3);1;1;2858
;(13, 6);;(9, 3);1;1;2859
;(13, 6);;(9, 3);1;1;2860
;(13, 6);;(9, 3);1;1;2861
;(13, 6);;(9, 3);1;1;2862
;(13, 6);;(9, 3);1;1;2863
;(13, 6);;(9, 3);1;1;2864
;(13, 6);;(9, 3);1;1;2865
;(13, 6);;(9, 3);1;1;2866
;(13, 6);;(9, 3);1;1;2867
;(13, 6);;(9, 3);1;1;2868
;(13, 6);;(9, 3);1;1;2869
;(13, 6);;(9, 3);1;1;2870
;(13, 6);;(9, 3);1;1;2871
;(13, 6);;(9, 3);1;1;2872
;(13, 6);;(9, 3);1;1;2873
;(13, 6);;(9, 3);1;1;2874
;(13, 6);;(9, 3);1;1;2875
;(13, 6);;(9, 3);1;1;2876
;(13, 6);;(9, 3);1;1;2877
;(13, 6);;(9, 3);1;1;2878
;(13, 6);;(9, 3);1;1;2879
;(13, 6);;(9, 3);1;1;2880
;(13, 6);;(9, 3);1;1;2881
;(13, 6);;(9, 3);1;1;2882
;(13, 6);;(9, 3);1;1;2883
;(13, 6);;(9, 3);1;1;2884
;(13, 6);;(9, 3);1;1;2885
;(13, 6);;(9, 3);1;1;2886
;(13, 6);;(9, 3);1;1;2887
;(13, 6);;(9, 3);1;1;2888
;(13, 6);;(9, 3);1;1;2889
;(13, 6);;(9, 3);1;1;2890
;(13, 6);;(9, 3);1;1;2891
;(13, 6);;(9, 3);1;1;2892
;(13, 6);;(9, 3);1;1;2893
;(13, 6);;(9, 3);1;1;2894
;(13, 6);;(9, 3);1;1;2895
;(13, 6);;(9, 3);1;1;2896
;(13, 6);;(9, 3);1;1;2897
;(13, 6);;(9, 3);1;1;2898
;(13, 6);;(9, 3);1;1;2899
;(13, 6);;(9, 3);1;1;2900
;(13, 6);;(9, 3);1;1;2901
;(13, 6);;(9, 3);1;1;2902
;(13, 6);;(9, 3);1;1;2903
;(13, 6);;(9, 3);1;1;2904
;(13, 6);;(9, 3);1;1;2905
;(13, 6);;(9, 3);1;1;2906
;(13, 6);;(9, 3);1;1;2907
;(13, 6);;(9, 3);1;1;2908
;(13, 6);;(9, 3);1;1;2909
;(13, 6);;(9, 3);1;1;2910
;(13, 6);;(9, 3);1;1;2911
;(13, 6);;(9, 3);1;1;2912
;(13, 6);;(9, 3);1;1;2913
;(13, 6);;(9, 3);1;1;2914
;(13, 6);;(9, 3);1;1;2915
;(13, 6);;(9, 3);1;1;2916
;(13, 6);;(9, 3);1;1;2917
;(13, 6);;(9, 3);1;1;2918
;(13, 6);;(9, 3);1;1;2919
;(13, 6);;(9, 3);1;1;2920
;(13, 6);;(9, 3);1;1;2921
;(13, 6);;(9, 3);1;1;2922
;(13, 6);;(9, 3);1;1;2923
;(13, 6);;(9, 3);1;1;2924
;(13, 6);;(9, 3);1;1;2925
;(13, 6);;(9, 3);1;1;2926
;(13, 6);;(9, 3);1;1;2927
;(13, 6);;(9, 3);1;1;2928
;(13, 6);;(9, 3);1;1;2929
;(13, 6);;(9, 3);1;1;2930
;(13, 6);;(9, 3);1;1;2931
;(13, 6);;(9, 3);1;1;2932
;(13, 6);;(9, 3);1;1;2933
;(13, 6);;(9, 3);1;1;2934
;(13, 6);;(9, 3);1;1;2935
;(13, 6);;(9, 3);1;1;2936
;(13, 6);;(9, 3);1;1;2937
;(13, 6);;(9, 3);1;1;2938
;(13, 6);;(9, 3);1;1;2939
;(13, 6);;(9, 3);1;1;2940
;(13, 6);;(9, 3);1;1;2941
;(13, 6);;(9, 3);1;1;2942
;(13, 6);;(9, 3);1;1;2943
;(13, 6);;(9, 3);1;1;2944
;(13, 6);;(9, 3);1;1;2945
;(13, 6);;(9, 3);1;1;2946
;(13, 6);;(9, 3);1;1;2947
;(13, 6);;(9, 3);1;1;2948
;(13, 6);;(9, 3);1;1;2949
;(13, 6);;(9, 3);1;1;2950
;(13, 6);;(9, 3);1;1;2951
;(13, 6);;(9, 3);1;1;2952
;(13, 6);;(9, 3);1;1;2953
;(13, 6);;(9, 3);1;1;2954
;(13, 6);;(9, 3);1;1;2955
;(13, 6);;(9, 3);1;1;2956
;(13, 6);;(9, 3);1;1;2957
;(13, 6);;(9, 3);1;1;2958
;(13, 6);;(9, 3);1;1;2959
;(13, 6);;(9, 3);1;1;2960
;(13, 6);;(9, 3);1;1;2961
;(13, 6);;(9, 3);1;1;2962
;(13, 6);;(9, 3);1;1;2963
;(13, 6);;(9, 3);1;1;2964
;(13, 6);;(9, 3);1;1;2965
;(13, 6);;(9, 3);1;1;2966
;(13, 6);;(9, 3);1;1;2967
;(13, 6);;(9, 3);1;1;2968
;(13, 6);;(9, 3);1;1;2969
;(13, 6);;(9, 3);1;1;2970
;(13, 6);;(9, 3);1;1;2971
;(13, 6);;(9, 3);1;1;2972
;(13, 6);;(9, 3);1;1;2973
;(13, 6);;(9, 3);1;1;2974
;(13, 6);;(9, 3);1;1;2975
;(13, 6);;(9, 3);1;1;2976
;(13, 6);;(9, 3);1;1;2977
;(13, 6);;(9, 3);1;1;2978
;(13, 6);;(9, 3);1;1;2979
;(13, 6);;(9, 3);1;1;2980
;(13, 6);;(9, 3);1;1;2981
;(13, 6);;(9, 3);1;1;2982
;(13, 6);;(9, 3);1;1;2983
;(13, 6);;(9, 3);1;1;2984
;(13, 6);;(9, 3);1;1;2985
;(13, 6);;(9, 3);1;1;2986
;(13, 6);;(9, 3);1;1;2987
;(13, 6);;(9, 3);1;1;2988
;(13, 6);;(9, 3);1;1;2989
;(13, 6);;(9, 3);1;1;2990
;(13, 6);;(9, 3);1;1;2991
;(13, 6);;(9, 3);1;1;2992
;(13, 6);;(9, 3);1;1;2993
;(13, 6);;(9, 3);1;1;2994
;(13, 6);;(9, 3);1;1;2995
;(13, 6);;(9, 3);1;1;2996
;(13, 6);;(9, 3);1;1;2997
;(13, 6);;(9, 3);1;1;2998
;(13, 6);;(9, 3);1;1;2999
;(13, 6);;(9, 3);1;1;3000
;(13, 6);;(9, 3);1;1;3001
;(13, 6);;(9, 3);1;1;3002
;(13, 6);;(9, 3);1;1;3003
;(13, 6);;(9, 3);1;1;3004
;(13, 6);;(9, 3);1;1;3005
;(13, 6);;(9, 3);1;1;3006
;(13, 6);;(9, 3);1;1;3007
;(13, 6);;(9, 3);1;1;3008
;(13, 6);;(9, 3);1;1;3009
;(13, 6);;(9, 3);1;1;3010
;(13, 6);;(9, 3);1;1;3011
;(13, 6);;(9, 3);1;1;3012
;(13, 6);;(9, 3);1;1;3013
;(13, 6);;(9, 3);1;1;3014
;(13, 6);;(9, 3);1;1;3015
;(13, 6);;(9, 3);1;1;3016
;(13, 6);;(9, 3);1;1;3017
;(13, 6);;(9, 3);1;1;3018
;(13, 6);;(9, 3);1;1;3019
