human_selector;human;machine;victim;gravitygod;rewardgod;ontologygod;robot;world_nr;tick_nr
1;1;1;1;1;1;1;1;1;0
1;1;1;0;0;1;1;1;1;1
1;1;1;0;0;1;1;0;1;2
1;1;1;0;0;1;1;0;1;3
1;1;1;0;0;1;1;0;1;4
1;1;1;0;0;1;1;0;1;5
1;1;1;0;0;1;1;0;1;6
1;1;1;0;0;1;1;0;1;7
1;1;1;0;0;1;1;0;1;8
1;1;1;0;0;1;1;0;1;9
1;1;1;0;0;1;1;0;1;10
1;1;1;0;0;1;1;0;1;11
1;1;1;0;0;1;1;0;1;12
1;1;1;0;0;1;1;0;1;13
1;1;1;0;0;1;1;0;1;14
1;1;1;0;0;1;1;0;1;15
1;1;1;0;0;1;1;0;1;16
1;1;1;0;0;1;1;0;1;17
1;1;1;0;0;1;1;0;1;18
1;1;1;0;0;1;1;0;1;19
1;1;1;0;0;1;1;0;1;20
1;1;1;0;0;1;1;0;1;21
1;1;1;0;0;1;1;0;1;22
1;1;1;0;0;1;1;0;1;23
1;1;1;0;0;1;1;0;1;24
1;1;1;0;0;1;1;0;1;25
1;1;1;0;0;1;1;0;1;26
1;1;1;0;0;1;1;0;1;27
1;1;1;0;0;1;1;0;1;28
1;1;1;0;0;1;1;0;1;29
1;1;1;0;0;1;1;0;1;30
1;1;1;0;0;1;1;0;1;31
1;1;1;0;0;1;1;0;1;32
1;1;1;0;0;1;1;0;1;33
1;1;1;0;0;1;1;0;1;34
1;1;1;0;0;1;1;0;1;35
1;1;1;0;0;1;1;0;1;36
1;1;1;0;0;1;1;0;1;37
1;1;1;0;0;1;1;0;1;38
1;1;1;0;0;1;1;0;1;39
1;1;1;0;0;1;1;0;1;40
1;1;1;0;0;1;1;0;1;41
1;1;1;0;0;1;1;0;1;42
0;1;1;0;0;1;1;0;1;43
1;1;1;0;0;1;1;0;1;44
1;1;1;0;0;1;1;0;1;45
1;1;1;0;0;1;1;0;1;46
1;1;1;0;0;1;1;0;1;47
1;1;1;0;0;1;1;0;1;48
1;1;1;0;0;1;1;0;1;49
1;1;1;0;0;1;1;0;1;50
1;1;1;0;0;1;1;0;1;51
0;1;1;0;0;1;1;0;1;52
1;1;1;0;0;1;1;0;1;53
1;1;1;0;0;1;1;0;1;54
1;1;1;0;0;1;1;0;1;55
1;1;1;0;0;1;1;0;1;56
0;1;1;0;0;1;1;0;1;57
1;1;1;0;0;1;1;0;1;58
1;1;1;0;0;1;1;0;1;59
0;1;1;0;0;1;1;0;1;60
1;1;1;0;0;1;1;0;1;61
1;1;1;0;0;1;1;0;1;62
1;1;1;0;0;1;1;0;1;63
1;1;1;0;0;1;1;0;1;64
1;1;1;0;0;1;1;0;1;65
0;1;1;0;0;1;1;0;1;66
1;1;1;0;0;1;1;0;1;67
1;1;1;0;0;1;1;0;1;68
1;1;1;0;0;1;1;0;1;69
1;1;1;0;0;1;1;0;1;70
1;1;1;0;0;1;1;0;1;71
0;1;1;0;0;1;1;0;1;72
1;1;1;0;0;1;1;0;1;73
0;1;1;0;0;1;1;0;1;74
1;1;1;0;0;1;1;0;1;75
1;1;1;0;0;1;1;0;1;76
1;1;1;0;0;1;1;0;1;77
1;1;1;0;0;1;1;0;1;78
0;1;1;0;0;1;1;0;1;79
1;1;1;0;0;1;1;0;1;80
1;1;1;0;0;1;1;0;1;81
0;1;1;0;0;1;1;0;1;82
1;1;1;0;0;1;1;0;1;83
1;1;1;0;0;1;1;0;1;84
1;1;1;0;0;1;1;0;1;85
1;1;1;0;0;1;1;0;1;86
0;1;1;0;0;1;1;0;1;87
1;1;1;0;0;1;1;0;1;88
1;1;1;0;0;1;1;0;1;89
1;1;1;0;0;1;1;0;1;90
1;1;1;0;0;1;1;0;1;91
1;1;1;0;0;1;1;0;1;92
1;1;1;0;0;1;1;0;1;93
1;1;1;0;0;1;1;0;1;94
1;1;1;0;0;1;1;0;1;95
0;1;1;0;0;1;1;0;1;96
1;1;1;0;0;1;1;0;1;97
1;1;1;0;0;1;1;0;1;98
1;1;1;0;0;1;1;0;1;99
1;1;1;0;0;1;1;0;1;100
1;1;1;0;0;1;1;0;1;101
1;1;1;0;0;1;1;0;1;102
1;1;1;0;0;1;1;0;1;103
1;1;1;0;0;1;1;0;1;104
1;1;1;0;0;1;1;0;1;105
1;1;1;0;0;1;1;0;1;106
1;1;1;0;0;1;1;0;1;107
1;1;1;0;0;1;1;0;1;108
1;1;1;0;0;1;1;0;1;109
1;1;1;0;0;1;1;0;1;110
1;1;1;0;0;1;1;0;1;111
1;1;1;0;0;1;1;0;1;112
0;1;1;0;0;1;1;0;1;113
1;1;1;0;0;1;1;0;1;114
1;1;1;0;0;1;1;0;1;115
1;1;1;0;0;1;1;0;1;116
1;1;1;0;0;1;1;0;1;117
0;1;1;0;0;1;1;0;1;118
1;1;1;0;0;1;1;0;1;119
1;1;1;0;0;1;1;0;1;120
1;1;1;0;0;1;1;0;1;121
0;1;1;0;0;1;1;0;1;122
1;1;1;0;0;1;1;0;1;123
1;1;1;0;0;1;1;0;1;124
1;1;1;0;0;1;1;0;1;125
1;1;1;0;0;1;1;0;1;126
0;1;1;0;0;1;1;0;1;127
1;1;1;0;0;1;1;0;1;128
1;1;1;0;0;1;1;0;1;129
1;1;1;0;0;1;1;0;1;130
1;1;1;0;0;1;1;0;1;131
0;1;1;0;0;1;1;0;1;132
1;1;1;0;0;1;1;0;1;133
1;1;1;0;0;1;1;1;1;134
1;1;1;0;0;1;1;0;1;135
1;1;1;0;0;1;1;0;1;136
1;1;1;0;0;1;1;0;1;137
1;1;1;0;0;1;1;0;1;138
1;1;1;0;0;1;1;0;1;139
1;1;1;0;0;1;1;0;1;140
1;1;1;0;0;1;1;0;1;141
1;1;1;0;0;1;1;0;1;142
1;1;1;0;0;1;1;0;1;143
1;1;1;0;0;1;1;0;1;144
1;1;1;0;0;1;1;0;1;145
1;1;1;0;0;1;1;0;1;146
1;1;1;0;0;1;1;0;1;147
1;1;1;0;0;1;1;0;1;148
1;1;1;0;0;1;1;0;1;149
1;1;1;0;0;1;1;0;1;150
1;1;1;0;0;1;1;0;1;151
1;1;1;0;0;1;1;0;1;152
1;1;1;0;0;1;1;0;1;153
1;1;1;0;0;1;1;0;1;154
1;1;1;0;0;1;1;0;1;155
1;1;1;0;0;1;1;0;1;156
1;1;1;0;0;1;1;0;1;157
1;1;1;0;0;1;1;0;1;158
1;1;1;0;0;1;1;0;1;159
1;1;1;0;0;1;1;0;1;160
1;1;1;0;0;1;1;0;1;161
1;1;1;0;0;1;1;0;1;162
1;1;1;0;0;1;1;0;1;163
1;1;1;0;0;1;1;0;1;164
1;1;1;0;0;1;1;0;1;165
1;1;1;0;0;1;1;0;1;166
1;1;1;0;0;1;1;0;1;167
1;1;1;0;0;1;1;0;1;168
1;1;1;0;0;1;1;0;1;169
1;1;1;0;0;1;1;0;1;170
1;1;1;0;0;1;1;0;1;171
1;1;1;0;0;1;1;0;1;172
1;1;1;0;0;1;1;0;1;173
1;1;1;0;0;1;1;0;1;174
1;1;1;0;0;1;1;0;1;175
1;1;1;0;0;1;1;0;1;176
1;1;1;0;0;1;1;0;1;177
1;1;1;0;0;1;1;0;1;178
1;1;1;0;0;1;1;0;1;179
0;1;1;0;0;1;1;0;1;180
1;1;1;0;0;1;1;0;1;181
1;1;1;0;0;1;1;0;1;182
1;1;1;0;0;1;1;0;1;183
1;1;1;0;0;1;1;0;1;184
1;1;1;0;0;1;1;0;1;185
1;1;1;0;0;1;1;0;1;186
0;1;1;0;0;1;1;0;1;187
1;1;1;0;0;1;1;0;1;188
1;1;1;0;0;1;1;0;1;189
1;1;1;0;0;1;1;1;1;190
1;1;1;0;0;1;1;0;1;191
1;1;1;0;0;1;1;0;1;192
0;1;1;0;0;1;1;0;1;193
0;1;1;0;0;1;1;0;1;194
0;1;1;0;0;1;1;0;1;195
0;1;1;0;0;1;1;0;1;196
0;1;1;0;0;1;1;0;1;197
0;1;1;0;0;1;1;0;1;198
0;1;1;0;0;1;1;0;1;199
0;1;1;0;0;1;1;0;1;200
0;1;1;0;0;1;1;0;1;201
0;1;1;0;0;1;1;0;1;202
0;1;1;0;0;1;1;0;1;203
0;1;1;0;0;1;1;0;1;204
0;1;1;0;0;1;1;0;1;205
1;1;1;0;0;1;1;0;1;206
1;1;1;0;0;1;1;0;1;207
1;1;1;0;0;1;1;0;1;208
1;1;1;0;0;1;1;0;1;209
1;1;1;0;0;1;1;0;1;210
1;1;1;0;0;1;1;0;1;211
1;1;1;0;0;1;1;0;1;212
1;1;1;0;0;1;1;0;1;213
1;1;1;0;0;1;1;0;1;214
1;1;1;0;0;1;1;0;1;215
1;1;1;0;0;1;1;0;1;216
1;1;1;0;0;1;1;0;1;217
1;1;1;0;0;1;1;0;1;218
1;1;1;0;0;1;1;0;1;219
1;1;1;0;0;1;1;0;1;220
1;1;1;0;0;1;1;0;1;221
1;1;1;0;0;1;1;0;1;222
1;1;1;0;0;1;1;0;1;223
1;1;1;0;0;1;1;0;1;224
0;1;1;0;0;1;1;0;1;225
1;1;1;0;0;1;1;0;1;226
1;1;1;0;0;1;1;0;1;227
1;1;1;0;0;1;1;0;1;228
1;1;1;0;0;1;1;0;1;229
1;1;1;0;0;1;1;0;1;230
1;1;1;0;0;1;1;0;1;231
1;1;1;0;0;1;1;0;1;232
1;1;1;0;0;1;1;0;1;233
1;1;1;0;0;1;1;0;1;234
1;1;1;0;0;1;1;0;1;235
1;1;1;0;0;1;1;0;1;236
1;1;1;0;0;1;1;0;1;237
1;1;1;0;0;1;1;0;1;238
1;1;1;0;0;1;1;0;1;239
1;1;1;0;0;1;1;0;1;240
1;1;1;0;0;1;1;0;1;241
1;1;1;0;0;1;1;0;1;242
1;1;1;0;0;1;1;0;1;243
1;1;1;0;0;1;1;0;1;244
1;1;1;0;0;1;1;0;1;245
1;1;1;0;0;1;1;0;1;246
1;1;1;0;0;1;1;0;1;247
1;1;1;0;0;1;1;0;1;248
1;1;1;0;0;1;1;0;1;249
1;1;1;0;0;1;1;0;1;250
1;1;1;0;0;1;1;0;1;251
1;1;1;0;0;1;1;0;1;252
1;1;1;0;0;1;1;0;1;253
0;1;1;0;0;1;1;0;1;254
1;1;1;0;0;1;1;0;1;255
1;1;1;0;0;1;1;0;1;256
1;1;1;0;0;1;1;0;1;257
1;1;1;0;0;1;1;0;1;258
1;1;1;0;0;1;1;0;1;259
1;1;1;0;0;1;1;0;1;260
1;1;1;0;0;1;1;0;1;261
0;1;1;0;0;1;1;0;1;262
1;1;1;0;0;1;1;0;1;263
1;1;1;0;0;1;1;0;1;264
1;1;1;0;0;1;1;0;1;265
1;1;1;0;0;1;1;0;1;266
0;1;1;0;0;1;1;0;1;267
0;1;1;0;0;1;1;0;1;268
0;1;1;0;0;1;1;0;1;269
0;1;1;0;0;1;1;0;1;270
0;1;1;0;0;1;1;0;1;271
0;1;1;0;0;1;1;0;1;272
0;1;1;0;0;1;1;0;1;273
0;1;1;0;0;1;1;0;1;274
0;1;1;0;0;1;1;0;1;275
0;1;1;0;0;1;1;0;1;276
0;1;1;0;0;1;1;0;1;277
1;1;1;0;0;1;1;0;1;278
1;1;1;0;0;1;1;1;1;279
1;1;1;0;0;1;1;0;1;280
1;1;1;0;0;1;1;0;1;281
1;1;1;0;0;1;1;0;1;282
1;1;1;0;0;1;1;0;1;283
1;1;1;0;0;1;1;0;1;284
1;1;1;0;0;1;1;0;1;285
0;1;1;0;0;1;1;0;1;286
1;1;1;0;0;1;1;0;1;287
1;1;1;0;0;1;1;0;1;288
1;1;1;0;0;1;1;0;1;289
1;1;1;0;0;1;1;0;1;290
1;1;1;0;0;1;1;0;1;291
0;1;1;0;0;1;1;0;1;292
1;1;1;0;0;1;1;0;1;293
1;1;1;0;0;1;1;0;1;294
0;1;1;0;0;1;1;0;1;295
1;1;1;0;0;1;1;0;1;296
1;1;1;0;0;1;1;0;1;297
1;1;1;0;0;1;1;0;1;298
1;1;1;0;0;1;1;0;1;299
1;1;1;0;0;1;1;0;1;300
1;1;1;0;0;1;1;0;1;301
1;1;1;0;0;1;1;0;1;302
1;1;1;0;0;1;1;0;1;303
1;1;1;0;0;1;1;0;1;304
1;1;1;0;0;1;1;0;1;305
0;1;1;0;0;1;1;0;1;306
1;1;1;0;0;1;1;0;1;307
1;1;1;0;0;1;1;0;1;308
1;1;1;0;0;1;1;0;1;309
1;1;1;0;0;1;1;0;1;310
1;1;1;0;0;1;1;0;1;311
1;1;1;0;0;1;1;0;1;312
1;1;1;0;0;1;1;0;1;313
1;1;1;0;0;1;1;0;1;314
1;1;1;0;0;1;1;0;1;315
1;1;1;0;0;1;1;0;1;316
1;1;1;0;0;1;1;0;1;317
0;1;1;0;0;1;1;0;1;318
1;1;1;0;0;1;1;0;1;319
1;1;1;0;0;1;1;0;1;320
1;1;1;0;0;1;1;0;1;321
1;1;1;0;0;1;1;0;1;322
0;1;1;0;0;1;1;0;1;323
0;1;1;0;0;1;1;0;1;324
0;1;1;0;0;1;1;0;1;325
0;1;1;0;0;1;1;0;1;326
0;1;1;0;0;1;1;0;1;327
0;1;1;0;0;1;1;0;1;328
0;1;1;0;0;1;1;0;1;329
0;1;1;0;0;1;1;0;1;330
0;1;1;0;0;1;1;0;1;331
0;1;1;0;0;1;1;0;1;332
0;1;1;0;0;1;1;0;1;333
0;1;1;0;0;1;1;0;1;334
0;1;1;0;0;1;1;1;1;335
1;1;1;0;0;1;1;0;1;336
1;1;1;0;0;1;1;0;1;337
1;1;1;0;0;1;1;0;1;338
1;1;1;0;0;1;1;0;1;339
1;1;1;0;0;1;1;0;1;340
1;1;1;0;0;1;1;0;1;341
1;1;1;0;0;1;1;0;1;342
1;1;1;0;0;1;1;0;1;343
0;1;1;0;0;1;1;0;1;344
1;1;1;0;0;1;1;0;1;345
1;1;1;0;0;1;1;0;1;346
1;1;1;0;0;1;1;0;1;347
1;1;1;0;0;1;1;0;1;348
0;1;1;0;0;1;1;0;1;349
0;1;1;0;0;1;1;0;1;350
0;1;1;0;0;1;1;0;1;351
0;1;1;0;0;1;1;0;1;352
0;1;1;0;0;1;1;0;1;353
0;1;1;0;0;1;1;0;1;354
0;1;1;0;0;1;1;0;1;355
0;1;1;0;0;1;1;0;1;356
0;1;1;0;0;1;1;0;1;357
1;1;1;0;0;1;1;0;1;358
1;1;1;0;0;1;1;0;1;359
1;1;1;0;0;1;1;0;1;360
1;1;1;0;0;1;1;0;1;361
1;1;1;0;0;1;1;0;1;362
0;1;1;0;0;1;1;0;1;363
1;1;1;0;0;1;1;0;1;364
1;1;1;0;0;1;1;0;1;365
1;1;1;0;0;1;1;0;1;366
1;1;1;0;0;1;1;0;1;367
1;1;1;0;0;1;1;0;1;368
1;1;1;0;0;1;1;0;1;369
0;1;1;0;0;1;1;0;1;370
1;1;1;0;0;1;1;0;1;371
1;1;1;0;0;1;1;0;1;372
1;1;1;0;0;1;1;0;1;373
1;1;1;0;0;1;1;0;1;374
0;1;1;0;0;1;1;0;1;375
1;1;1;0;0;1;1;0;1;376
1;1;1;0;0;1;1;0;1;377
1;1;1;0;0;1;1;0;1;378
1;1;1;0;0;1;1;0;1;379
0;1;1;0;0;1;1;0;1;380
1;1;1;0;0;1;1;0;1;381
0;1;1;0;0;1;1;0;1;382
1;1;1;0;0;1;1;0;1;383
1;1;1;0;0;1;1;0;1;384
1;1;1;0;0;1;1;0;1;385
1;1;1;0;0;1;1;0;1;386
0;1;1;0;0;1;1;0;1;387
0;1;1;0;0;1;1;0;1;388
0;1;1;0;0;1;1;0;1;389
1;1;1;0;0;1;1;0;1;390
1;1;1;0;0;1;1;1;1;391
1;1;1;0;0;1;1;0;1;392
1;1;1;0;0;1;1;0;1;393
1;1;1;0;0;1;1;0;1;394
0;1;1;0;0;1;1;0;1;395
1;1;1;0;0;1;1;0;1;396
1;1;1;0;0;1;1;0;1;397
1;1;1;0;0;1;1;0;1;398
1;1;1;0;0;1;1;0;1;399
1;1;1;0;0;1;1;0;1;400
0;1;1;0;0;1;1;0;1;401
1;1;1;0;0;1;1;0;1;402
1;1;1;0;0;1;1;0;1;403
1;1;1;0;0;1;1;0;1;404
0;1;1;0;0;1;1;0;1;405
1;1;1;0;0;1;1;0;1;406
1;1;1;0;0;1;1;0;1;407
1;1;1;0;0;1;1;0;1;408
1;1;1;0;0;1;1;0;1;409
0;1;1;0;0;1;1;0;1;410
1;1;1;0;0;1;1;0;1;411
1;1;1;0;0;1;1;0;1;412
1;1;1;0;0;1;1;0;1;413
1;1;1;0;0;1;1;0;1;414
0;1;1;0;0;1;1;0;1;415
0;1;1;0;0;1;1;0;1;416
0;1;1;0;0;1;1;0;1;417
0;1;1;0;0;1;1;0;1;418
0;1;1;0;0;1;1;0;1;419
0;1;1;0;0;1;1;0;1;420
0;1;1;0;0;1;1;0;1;421
0;1;1;0;0;1;1;0;1;422
0;1;1;0;0;1;1;0;1;423
0;1;1;0;0;1;1;0;1;424
0;1;1;0;0;1;1;0;1;425
0;1;1;0;0;1;1;0;1;426
0;1;1;0;0;1;1;0;1;427
1;1;1;0;0;1;1;0;1;428
1;1;1;0;0;1;1;0;1;429
1;1;1;0;0;1;1;0;1;430
1;1;1;0;0;1;1;0;1;431
1;1;1;0;0;1;1;0;1;432
1;1;1;0;0;1;1;0;1;433
1;1;1;0;0;1;1;0;1;434
1;1;1;0;0;1;1;0;1;435
1;1;1;0;0;1;1;1;1;436
1;1;1;0;0;1;1;0;1;437
1;1;1;0;0;1;1;0;1;438
1;1;1;0;0;1;1;0;1;439
1;1;1;0;0;1;1;0;1;440
0;1;1;0;0;1;1;0;1;441
1;1;1;0;0;1;1;0;1;442
1;1;1;0;0;1;1;0;1;443
1;1;1;0;0;1;1;0;1;444
1;1;1;0;0;1;1;0;1;445
0;1;1;0;0;1;1;0;1;446
0;1;1;0;0;1;1;0;1;447
0;1;1;0;0;1;1;0;1;448
0;1;1;0;0;1;1;0;1;449
0;1;1;0;0;1;1;0;1;450
0;1;1;0;0;1;1;0;1;451
0;1;1;0;0;1;1;0;1;452
0;1;1;0;0;1;1;0;1;453
0;1;1;0;0;1;1;0;1;454
0;1;1;0;0;1;1;0;1;455
0;1;1;0;0;1;1;0;1;456
0;1;1;0;0;1;1;0;1;457
1;1;1;0;0;1;1;0;1;458
1;1;1;0;0;1;1;0;1;459
1;1;1;0;0;1;1;0;1;460
1;1;1;0;0;1;1;0;1;461
1;1;1;0;0;1;1;0;1;462
1;1;1;0;0;1;1;0;1;463
1;1;1;0;0;1;1;0;1;464
1;1;1;0;0;1;1;0;1;465
1;1;1;0;0;1;1;0;1;466
0;1;1;0;0;1;1;0;1;467
1;1;1;0;0;1;1;0;1;468
1;1;1;0;0;1;1;0;1;469
1;1;1;0;0;1;1;0;1;470
1;1;1;0;0;1;1;0;1;471
1;1;1;0;0;1;1;0;1;472
1;1;1;0;0;1;1;0;1;473
1;1;1;0;0;1;1;0;1;474
1;1;1;0;0;1;1;0;1;475
1;1;1;0;0;1;1;0;1;476
1;1;1;0;0;1;1;0;1;477
1;1;1;0;0;1;1;0;1;478
1;1;1;0;0;1;1;0;1;479
1;1;1;0;0;1;1;0;1;480
1;1;1;0;0;1;1;1;1;481
1;1;1;0;0;1;1;0;1;482
1;1;1;0;0;1;1;0;1;483
1;1;1;0;0;1;1;0;1;484
1;1;1;0;0;1;1;0;1;485
1;1;1;0;0;1;1;0;1;486
1;1;1;0;0;1;1;0;1;487
1;1;1;0;0;1;1;0;1;488
1;1;1;0;0;1;1;0;1;489
1;1;1;0;0;1;1;0;1;490
1;1;1;0;0;1;1;0;1;491
1;1;1;0;0;1;1;0;1;492
1;1;1;0;0;1;1;0;1;493
1;1;1;0;0;1;1;0;1;494
1;1;1;0;0;1;1;0;1;495
1;1;1;0;0;1;1;0;1;496
1;1;1;0;0;1;1;0;1;497
1;1;1;0;0;1;1;0;1;498
1;1;1;0;0;1;1;0;1;499
1;1;1;0;0;1;1;0;1;500
1;1;1;0;0;1;1;0;1;501
1;1;1;0;0;1;1;0;1;502
1;1;1;0;0;1;1;0;1;503
1;1;1;0;0;1;1;0;1;504
1;1;1;0;0;1;1;0;1;505
1;1;1;0;0;1;1;0;1;506
1;1;1;0;0;1;1;0;1;507
1;1;1;0;0;1;1;0;1;508
1;1;1;0;0;1;1;0;1;509
1;1;1;0;0;1;1;0;1;510
1;1;1;0;0;1;1;0;1;511
1;1;1;0;0;1;1;0;1;512
1;1;1;0;0;1;1;0;1;513
1;1;1;0;0;1;1;0;1;514
1;1;1;0;0;1;1;0;1;515
1;1;1;0;0;1;1;0;1;516
1;1;1;0;0;1;1;0;1;517
1;1;1;0;0;1;1;0;1;518
1;1;1;0;0;1;1;0;1;519
1;1;1;0;0;1;1;0;1;520
1;1;1;0;0;1;1;0;1;521
1;1;1;0;0;1;1;0;1;522
1;1;1;0;0;1;1;0;1;523
1;1;1;0;0;1;1;0;1;524
1;1;1;0;0;1;1;0;1;525
1;1;1;0;0;1;1;0;1;526
1;1;1;0;0;1;1;0;1;527
1;1;1;0;0;1;1;0;1;528
1;1;1;0;0;1;1;0;1;529
1;1;1;0;0;1;1;0;1;530
1;1;1;0;0;1;1;0;1;531
1;1;1;0;0;1;1;0;1;532
1;1;1;0;0;1;1;0;1;533
1;1;1;0;0;1;1;0;1;534
1;1;1;0;0;1;1;0;1;535
1;1;1;0;0;1;1;0;1;536
1;1;1;0;0;1;1;1;1;537
1;1;1;0;0;1;1;1;1;538
1;1;1;0;0;1;1;1;1;539
1;1;1;0;0;1;1;1;1;540
1;1;1;0;0;1;1;1;1;541
1;1;1;0;0;1;1;1;1;542
0;1;1;0;0;1;1;1;1;543
1;1;1;0;0;1;1;1;1;544
1;1;1;0;0;1;1;1;1;545
1;1;1;0;0;1;1;1;1;546
1;1;1;0;0;1;1;1;1;547
1;1;1;0;0;1;1;1;1;548
1;1;1;0;0;1;1;1;1;549
1;1;1;0;0;1;1;1;1;550
1;1;1;0;0;1;1;1;1;551
1;1;1;0;0;1;1;1;1;552
1;1;1;0;0;1;1;1;1;553
0;1;1;0;0;1;1;1;1;554
1;1;1;0;0;1;1;1;1;555
1;1;1;0;0;1;1;1;1;556
1;1;1;0;0;1;1;1;1;557
0;1;1;0;0;1;1;1;1;558
1;1;1;0;0;1;1;1;1;559
1;1;1;0;0;1;1;1;1;560
1;1;1;0;0;1;1;1;1;561
1;1;1;0;0;1;1;1;1;562
1;1;1;0;0;1;1;1;1;563
0;1;1;0;0;1;1;1;1;564
1;1;1;0;0;1;1;1;1;565
1;1;1;0;0;1;1;1;1;566
1;1;1;0;0;1;1;1;1;567
1;1;1;0;0;1;1;1;1;568
0;1;1;0;0;1;1;1;1;569
1;1;1;0;0;1;1;1;1;570
1;1;1;0;0;1;1;1;1;571
1;1;1;0;0;1;1;1;1;572
1;1;1;0;0;1;1;1;1;573
0;1;1;0;0;1;1;1;1;574
1;1;1;0;0;1;1;1;1;575
1;1;1;0;0;1;1;1;1;576
1;1;1;0;0;1;1;1;1;577
1;1;1;0;0;1;1;1;1;578
1;1;1;0;0;1;1;1;1;579
1;1;1;0;0;1;1;1;1;580
1;1;1;0;0;1;1;1;1;581
1;1;1;0;0;1;1;1;1;582
1;1;1;0;0;1;1;1;1;583
1;1;1;0;0;1;1;1;1;584
1;1;1;0;0;1;1;1;1;585
1;1;1;0;0;1;1;1;1;586
1;1;1;0;0;1;1;1;1;587
1;1;1;0;0;1;1;1;1;588
1;1;1;0;0;1;1;1;1;589
1;1;1;0;0;1;1;1;1;590
1;1;1;0;0;1;1;1;1;591
1;1;1;0;0;1;1;1;1;592
1;1;1;0;0;1;1;1;1;593
1;1;1;0;0;1;1;1;1;594
1;1;1;0;0;1;1;1;1;595
1;1;1;0;0;1;1;1;1;596
1;1;1;0;0;1;1;1;1;597
1;1;1;0;0;1;1;1;1;598
1;1;1;0;0;1;1;1;1;599
1;1;1;0;0;1;1;1;1;600
1;1;1;0;0;1;1;1;1;601
1;1;1;0;0;1;1;1;1;602
1;1;1;0;0;1;1;1;1;603
0;1;1;0;0;1;1;1;1;604
1;1;1;0;0;1;1;1;1;605
1;1;1;0;0;1;1;1;1;606
1;1;1;0;0;1;1;1;1;607
1;1;1;0;0;1;1;1;1;608
0;1;1;0;0;1;1;1;1;609
1;1;1;0;0;1;1;1;1;610
1;1;1;0;0;1;1;1;1;611
1;1;1;0;0;1;1;1;1;612
1;1;1;0;0;1;1;1;1;613
0;1;1;0;0;1;1;1;1;614
0;1;1;0;0;1;1;1;1;615
1;1;1;0;0;1;1;1;1;616
0;1;1;0;0;1;1;1;1;617
1;1;1;0;0;1;1;1;1;618
0;1;1;0;0;1;1;1;1;619
1;1;1;0;0;1;1;1;1;620
1;1;1;0;0;1;1;1;1;621
1;1;1;0;0;1;1;1;1;622
1;1;1;0;0;1;1;1;1;623
1;1;1;0;0;1;1;1;1;624
1;1;1;0;0;1;1;1;1;625
1;1;1;0;0;1;1;1;1;626
0;1;1;0;0;1;1;1;1;627
1;1;1;0;0;1;1;1;1;628
1;1;1;0;0;1;1;1;1;629
1;1;1;0;0;1;1;1;1;630
0;1;1;0;0;1;1;1;1;631
0;1;1;0;0;1;1;1;1;632
0;1;1;0;0;1;1;1;1;633
1;1;1;0;0;1;1;1;1;634
1;1;1;0;0;1;1;1;1;635
1;1;1;0;0;1;1;1;1;636
1;1;1;0;0;1;1;1;1;637
1;1;1;0;0;1;1;1;1;638
0;1;1;0;0;1;1;1;1;639
1;1;1;0;0;1;1;1;1;640
1;1;1;0;0;1;1;1;1;641
1;1;1;0;0;1;1;1;1;642
1;1;1;0;0;1;1;1;1;643
0;1;1;0;0;1;1;1;1;644
1;1;1;0;0;1;1;1;1;645
1;1;1;0;0;1;1;1;1;646
1;1;1;0;0;1;1;1;1;647
1;1;1;0;0;1;1;1;1;648
0;1;1;0;0;1;1;1;1;649
0;1;1;0;0;1;1;1;1;650
0;1;1;0;0;1;1;1;1;651
0;1;1;0;0;1;1;1;1;652
1;1;1;0;0;1;1;1;1;653
1;1;1;0;0;1;1;1;1;654
1;1;1;0;0;1;1;1;1;655
1;1;1;0;0;1;1;1;1;656
0;1;1;0;0;1;1;1;1;657
1;1;1;0;0;1;1;1;1;658
1;1;1;0;0;1;1;1;1;659
1;1;1;0;0;1;1;1;1;660
1;1;1;0;0;1;1;1;1;661
0;1;1;0;0;1;1;1;1;662
1;1;1;0;0;1;1;1;1;663
1;1;1;0;0;1;1;1;1;664
1;1;1;0;0;1;1;1;1;665
1;1;1;0;0;1;1;1;1;666
1;1;1;0;0;1;1;1;1;667
1;1;1;0;0;1;1;1;1;668
1;1;1;0;0;1;1;1;1;669
1;1;1;0;0;1;1;1;1;670
1;1;1;0;0;1;1;1;1;671
1;1;1;0;0;1;1;1;1;672
0;1;1;0;0;1;1;1;1;673
1;1;1;0;0;1;1;1;1;674
1;1;1;0;0;1;1;1;1;675
1;1;1;0;0;1;1;1;1;676
0;1;1;0;0;1;1;1;1;677
1;1;1;0;0;1;1;1;1;678
1;1;1;0;0;1;1;1;1;679
1;1;1;0;0;1;1;1;1;680
1;1;1;0;0;1;1;1;1;681
0;1;1;0;0;1;1;1;1;682
0;1;1;0;0;1;1;1;1;683
0;1;1;0;0;1;1;1;1;684
0;1;1;0;0;1;1;1;1;685
0;1;1;0;0;1;1;1;1;686
1;1;1;0;0;1;1;1;1;687
1;1;1;0;0;1;1;1;1;688
0;1;1;0;0;1;1;1;1;689
1;1;1;0;0;1;1;1;1;690
1;1;1;0;0;1;1;1;1;691
1;1;1;0;0;1;1;1;1;692
1;1;1;0;0;1;1;1;1;693
1;1;1;0;0;1;1;1;1;694
1;1;1;0;0;1;1;1;1;695
1;1;1;0;0;1;1;1;1;696
0;1;1;0;0;1;1;1;1;697
1;1;1;0;0;1;1;1;1;698
1;1;1;0;0;1;1;1;1;699
1;1;1;0;0;1;1;1;1;700
1;1;1;0;0;1;1;1;1;701
0;1;1;0;0;1;1;1;1;702
0;1;1;0;0;1;1;1;1;703
0;1;1;0;0;1;1;1;1;704
1;1;1;0;0;1;1;1;1;705
1;1;1;0;0;1;1;1;1;706
1;1;1;0;0;1;1;1;1;707
1;1;1;0;0;1;1;1;1;708
1;1;1;0;0;1;1;1;1;709
1;1;1;0;0;1;1;1;1;710
1;1;1;0;0;1;1;1;1;711
1;1;1;0;0;1;1;1;1;712
1;1;1;0;0;1;1;1;1;713
1;1;1;0;0;1;1;1;1;714
1;1;1;0;0;1;1;1;1;715
1;1;1;0;0;1;1;1;1;716
1;1;1;0;0;1;1;1;1;717
0;1;1;0;0;1;1;1;1;718
1;1;1;0;0;1;1;1;1;719
1;1;1;0;0;1;1;1;1;720
1;1;1;0;0;1;1;1;1;721
1;1;1;0;0;1;1;1;1;722
1;1;1;0;0;1;1;1;1;723
1;1;1;0;0;1;1;1;1;724
1;1;1;0;0;1;1;1;1;725
1;1;1;0;0;1;1;1;1;726
1;1;1;0;0;1;1;1;1;727
1;1;1;0;0;1;1;1;1;728
0;1;1;0;0;1;1;1;1;729
1;1;1;0;0;1;1;1;1;730
1;1;1;0;0;1;1;1;1;731
1;1;1;0;0;1;1;1;1;732
1;1;1;0;0;1;1;1;1;733
1;1;1;0;0;1;1;1;1;734
0;1;1;0;0;1;1;1;1;735
1;1;1;0;0;1;1;1;1;736
1;1;1;0;0;1;1;1;1;737
1;1;1;0;0;1;1;1;1;738
0;1;1;0;0;1;1;1;1;739
0;1;1;0;0;1;1;1;1;740
0;1;1;0;0;1;1;1;1;741
0;1;1;0;0;1;1;1;1;742
0;1;1;0;0;1;1;1;1;743
0;1;1;0;0;1;1;1;1;744
0;1;1;0;0;1;1;1;1;745
0;1;1;0;0;1;1;1;1;746
0;1;1;0;0;1;1;1;1;747
0;1;1;0;0;1;1;1;1;748
1;1;1;0;0;1;1;1;1;749
1;1;1;0;0;1;1;1;1;750
1;1;1;0;0;1;1;1;1;751
1;1;1;0;0;1;1;1;1;752
1;1;1;0;0;1;1;1;1;753
0;1;1;0;0;1;1;1;1;754
1;1;1;0;0;1;1;1;1;755
1;1;1;0;0;1;1;1;1;756
1;1;1;0;0;1;1;1;1;757
1;1;1;0;0;1;1;1;1;758
0;1;1;0;0;1;1;1;1;759
0;1;1;0;0;1;1;1;1;760
0;1;1;0;0;1;1;1;1;761
0;1;1;0;0;1;1;1;1;762
1;1;1;0;0;1;1;1;1;763
1;1;1;0;0;1;1;1;1;764
1;1;1;0;0;1;1;1;1;765
1;1;1;0;0;1;1;1;1;766
1;1;1;0;0;1;1;1;1;767
1;1;1;0;0;1;1;1;1;768
0;1;1;0;0;1;1;1;1;769
1;1;1;0;0;1;1;1;1;770
1;1;1;0;0;1;1;1;1;771
1;1;1;0;0;1;1;1;1;772
1;1;1;0;0;1;1;1;1;773
1;1;1;0;0;1;1;1;1;774
1;1;1;0;0;1;1;1;1;775
1;1;1;0;0;1;1;1;1;776
1;1;1;0;0;1;1;1;1;777
1;1;1;0;0;1;1;1;1;778
1;1;1;0;0;1;1;1;1;779
1;1;1;0;0;1;1;1;1;780
1;1;1;0;0;1;1;1;1;781
0;1;1;0;0;1;1;1;1;782
1;1;1;0;0;1;1;1;1;783
1;1;1;0;0;1;1;1;1;784
0;1;1;0;0;1;1;1;1;785
1;1;1;0;0;1;1;1;1;786
1;1;1;0;0;1;1;1;1;787
1;1;1;0;0;1;1;1;1;788
1;1;1;0;0;1;1;1;1;789
0;1;1;0;0;1;1;1;1;790
0;1;1;0;0;1;1;1;1;791
0;1;1;0;0;1;1;1;1;792
0;1;1;0;0;1;1;1;1;793
0;1;1;0;0;1;1;1;1;794
0;1;1;0;0;1;1;1;1;795
0;1;1;0;0;1;1;1;1;796
0;1;1;0;0;1;1;1;1;797
0;1;1;0;0;1;1;1;1;798
0;1;1;0;0;1;1;1;1;799
1;1;1;0;0;1;1;1;1;800
1;1;1;0;0;1;1;1;1;801
1;1;1;0;0;1;1;1;1;802
1;1;1;0;0;1;1;1;1;803
1;1;1;0;0;1;1;1;1;804
1;1;1;0;0;1;1;1;1;805
1;1;1;0;0;1;1;1;1;806
1;1;1;0;0;1;1;1;1;807
1;1;1;0;0;1;1;1;1;808
1;1;1;0;0;1;1;1;1;809
1;1;1;0;0;1;1;1;1;810
1;1;1;0;0;1;1;1;1;811
1;1;1;0;0;1;1;1;1;812
1;1;1;0;0;1;1;1;1;813
1;1;1;0;0;1;1;1;1;814
1;1;1;0;0;1;1;1;1;815
1;1;1;0;0;1;1;1;1;816
1;1;1;0;0;1;1;1;1;817
0;1;1;0;0;1;1;1;1;818
1;1;1;0;0;1;1;1;1;819
1;1;1;0;0;1;1;1;1;820
1;1;1;0;0;1;1;1;1;821
1;1;1;0;0;1;1;1;1;822
1;1;1;0;0;1;1;1;1;823
1;1;1;0;0;1;1;1;1;824
1;1;1;0;0;1;1;1;1;825
1;1;1;0;0;1;1;1;1;826
1;1;1;0;0;1;1;1;1;827
1;1;1;0;0;1;1;1;1;828
1;1;1;0;0;1;1;1;1;829
1;1;1;0;0;1;1;1;1;830
1;1;1;0;0;1;1;1;1;831
1;1;1;0;0;1;1;1;1;832
1;1;1;0;0;1;1;1;1;833
1;1;1;0;0;1;1;1;1;834
1;1;1;0;0;1;1;1;1;835
1;1;1;0;0;1;1;1;1;836
1;1;1;0;0;1;1;1;1;837
1;1;1;0;0;1;1;1;1;838
1;1;1;0;0;1;1;1;1;839
1;1;1;0;0;1;1;1;1;840
1;1;1;0;0;1;1;1;1;841
1;1;1;0;0;1;1;1;1;842
1;1;1;0;0;1;1;1;1;843
1;1;1;0;0;1;1;1;1;844
1;1;1;0;0;1;1;1;1;845
1;1;1;0;0;1;1;1;1;846
1;1;1;0;0;1;1;1;1;847
1;1;1;0;0;1;1;1;1;848
1;1;1;0;0;1;1;1;1;849
1;1;1;0;0;1;1;1;1;850
1;1;1;0;0;1;1;1;1;851
1;1;1;0;0;1;1;1;1;852
1;1;1;0;0;1;1;1;1;853
1;1;1;0;0;1;1;1;1;854
