correct_tick;human_selector_sent;human_selector_received;human_selector_mssg_json;human_sent;human_received;human_mssg_json;machine_sent;machine_received;machine_mssg_json;victim_sent;victim_received;victim_mssg_json;gravitygod_sent;gravitygod_received;gravitygod_mssg_json;rewardgod_sent;rewardgod_received;rewardgod_mssg_json;ontologygod_sent;ontologygod_received;ontologygod_mssg_json;robot_sent;robot_received;robot_mssg_json;world_nr;tick_nr
-1;;;;;;;;;;;;;;;;;;;;;;;;;1;0
0;;I will now follow the Collaboration Pattern Pick up top rock.;;;I will now follow the Collaboration Pattern Pick up top rock.;;;I will now follow the Collaboration Pattern Pick up top rock.;;;I will now follow the Collaboration Pattern Pick up top rock.;;;I will now follow the Collaboration Pattern Pick up top rock.;;;I will now follow the Collaboration Pattern Pick up top rock.;;;I will now follow the Collaboration Pattern Pick up top rock.;;I will now follow the Collaboration Pattern Pick up top rock.;;"{""content"": ""I will now follow the Collaboration Pattern Pick up top rock."", ""from_id"": ""robot"", ""to_id"": ""ontologygod"", ""message_id"": ""b45eb948e48b07caeabadc0552d80e8""}";1;1
1;;;;;;;;;;;;;;;;;;;;;;;;;1;2
2;;;;;;;;;;;;;;;;;;;;;;;;;1;3
3;;;;;;;;;;;;;;;;;;;;;;;;;1;4
4;;;;;;;;;;;;;;;;;;;;;;;;;1;5
5;;;;;;;;;;;;;;;;;;;;;;;;;1;6
6;;;;;;;;;;;;;;;;;;;;;;;;;1;7
7;;;;;;;;;;;;;;;;;;;;;;;;;1;8
8;;;;;;;;;;;;;;;;;;;;;;;;;1;9
9;;;;;;;;;;;;;;;;;;;;;;;;;1;10
10;;;;;;;;;;;;;;;;;;;;;;;;;1;11
11;;;;;;;;;;;;;;;;;;;;;;;;;1;12
12;;;;;;;;;;;;;;;;;;;;;;;;;1;13
13;;;;;;;;;;;;;;;;;;;;;;;;;1;14
14;;;;;;;;;;;;;;;;;;;;;;;;;1;15
15;;;;;;;;;;;;;;;;;;;;;;;;;1;16
16;;;;;;;;;;;;;;;;;;;;;;;;;1;17
17;;;;;;;;;;;;;;;;;;;;;;;;;1;18
18;;;;;;;;;;;;;;;;;;;;;;;;;1;19
19;;;;;;;;;;;;;;;;;;;;;;;;;1;20
20;;;;;;;;;;;;;;;;;;;;;;;;;1;21
21;;;;;;;;;;;;;;;;;;;;;;;;;1;22
22;;;;;;;;;;;;;;;;;;;;;;;;;1;23
23;;;;;;;;;;;;;;;;;;;;;;;;;1;24
24;;;;;;;;;;;;;;;;;;;;;;;;;1;25
25;;;;;;;;;;;;;;;;;;;;;;;;;1;26
26;;;;;;;;;;;;;;;;;;;;;;;;;1;27
27;;;;;;;;;;;;;;;;;;;;;;;;;1;28
28;;;;;;;;;;;;;;;;;;;;;;;;;1;29
29;;;;;;;;;;;;;;;;;;;;;;;;;1;30
30;;;;;;;;;;;;;;;;;;;;;;;;;1;31
31;;;;;;;;;;;;;;;;;;;;;;;;;1;32
32;;;;;;;;;;;;;;;;;;;;;;;;;1;33
33;;;;;;;;;;;;;;;;;;;;;;;;;1;34
34;;;;;;;;;;;;;;;;;;;;;;;;;1;35
35;;;;;;;;;;;;;;;;;;;;;;;;;1;36
36;;;;;;;;;;;;;;;;;;;;;;;;;1;37
37;;;;;;;;;;;;;;;;;;;;;;;;;1;38
38;;;;;;;;;;;;;;;;;;;;;;;;;1;39
39;;;;;;;;;;;;;;;;;;;;;;;;;1;40
40;;;;;;;;;;;;;;;;;;;;;;;;;1;41
41;;;;;;;;;;;;;;;;;;;;;;;;;1;42
42;;;;;;;;;;;;;;;;;;;;;;;;;1;43
43;;;;;;;;;;;;;;;;;;;;;;;;;1;44
44;;;;;;;;;;;;;;;;;;;;;;;;;1;45
45;;;;;;;;;;;;;;;;;;;;;;;;;1;46
46;;;;;;;;;;;;;;;;;;;;;;;;;1;47
47;;Now executing Pick up a large rock at Top of rock pile;;;Now executing Pick up a large rock at Top of rock pile;;;Now executing Pick up a large rock at Top of rock pile;;;Now executing Pick up a large rock at Top of rock pile;;;Now executing Pick up a large rock at Top of rock pile;;;Now executing Pick up a large rock at Top of rock pile;;;Now executing Pick up a large rock at Top of rock pile;;Now executing Pick up a large rock at Top of rock pile;;"{""content"": ""Now executing Pick up a large rock at Top of rock pile"", ""from_id"": ""robot"", ""to_id"": ""ontologygod"", ""message_id"": ""8fdfa73fd76fe4d3a198588072b1aef9""}";1;48
48;;;;;;;;;;;;;;;;;;;;;;;;;1;49
49;;;;;;;;;;;;;;;;;;;;;;;;;1;50
50;;;;;;;;;;;;;;;;;;;;;;;;;1;51
51;;;;;;;;;;;;;;;;;;;;;;;;;1;52
52;;;;;;;;;;;;;;;;;;;;;;;;;1;53
53;;;;;;;;;;;;;;;;;;;;;;;;;1;54
54;;;;;;;;;;;;;;;;;;;;;;;;;1;55
55;;;;;;;;;;;;;;;;;;;;;;;;;1;56
56;;;;;;;;;;;;;;;;;;;;;;;;;1;57
57;;;;;;;;;;;;;;;;;;;;;;;;;1;58
58;;I will stop following the Collaboration Pattern Pick up top rock;;;I will stop following the Collaboration Pattern Pick up top rock;;;I will stop following the Collaboration Pattern Pick up top rock;;;I will stop following the Collaboration Pattern Pick up top rock;;;I will stop following the Collaboration Pattern Pick up top rock;;;I will stop following the Collaboration Pattern Pick up top rock;;;I will stop following the Collaboration Pattern Pick up top rock;;I will stop following the Collaboration Pattern Pick up top rock;;"{""content"": ""I will stop following the Collaboration Pattern Pick up top rock"", ""from_id"": ""robot"", ""to_id"": ""ontologygod"", ""message_id"": ""e35aba25c08ab32cf6d831d102b6d96e""}";1;59
59;;;;;;;;;;;;;;;;;;;;;;;;;1;60
60;;;;;;;;;;;;;;;;;;;;;;;;;1;61
61;;;;;;;;;;;;;;;;;;;;;;;;;1;62
62;;;;;;;;;;;;;;;;;;;;;;;;;1;63
63;;;;;;;;;;;;;;;;;;;;;;;;;1;64
64;;;;;;;;;;;;;;;;;;;;;;;;;1;65
65;Now executing Pick up;;"{""content"": ""Now executing Pick up"", ""from_id"": ""human_selector"", ""to_id"": ""robot"", ""message_id"": ""e7e694180e4eb2f07fd3c512768d8d54""}";;Now executing Pick up;;;Now executing Pick up;;;Now executing Pick up;;;Now executing Pick up;;;Now executing Pick up;;;Now executing Pick up;;;Now executing Pick up;;1;66
66;;;;;;;;;;;;;;;;;;;;;;;;;1;67
67;;;;;;;;;;;;;;;;;;;;;;;;;1;68
68;;;;;;;;;;;;;;;;;;;;;;;;;1;69
69;;;;;;;;;;;;;;;;;;;;;;;;;1;70
70;;;;;;;;;;;;;;;;;;;;;;;;;1;71
71;;;;;;;;;;;;;;;;;;;;;;;;;1;72
72;;;;;;;;;;;;;;;;;;;;;;;;;1;73
73;;;;;;;;;;;;;;;;;;;;;;;;;1;74
74;;;;;;;;;;;;;;;;;;;;;;;;;1;75
75;;;;;;;;;;;;;;;;;;;;;;;;;1;76
76;;;;;;;;;;;;;;;;;;;;;;;;;1;77
77;;;;;;;;;;;;;;;;;;;;;;;;;1;78
78;;;;;;;;;;;;;;;;;;;;;;;;;1;79
79;;;;;;;;;;;;;;;;;;;;;;;;;1;80
80;;;;;;;;;;;;;;;;;;;;;;;;;1;81
81;;;;;;;;;;;;;;;;;;;;;;;;;1;82
82;;;;;;;;;;;;;;;;;;;;;;;;;1;83
83;;;;;;;;;;;;;;;;;;;;;;;;;1;84
84;;;;;;;;;;;;;;;;;;;;;;;;;1;85
85;;;;;;;;;;;;;;;;;;;;;;;;;1;86
86;;;;;;;;;;;;;;;;;;;;;;;;;1;87
87;;;;;;;;;;;;;;;;;;;;;;;;;1;88
88;Now executing Drop;;"{""content"": ""Now executing Drop"", ""from_id"": ""human_selector"", ""to_id"": ""robot"", ""message_id"": ""a9b0b63bb58867a6c501a336731af90f""}";;Now executing Drop;;;Now executing Drop;;;Now executing Drop;;;Now executing Drop;;;Now executing Drop;;;Now executing Drop;;;Now executing Drop;;1;89
89;;;;;;;;;;;;;;;;;;;;;;;;;1;90
90;;;;;;;;;;;;;;;;;;;;;;;;;1;91
91;;;;;;;;;;;;;;;;;;;;;;;;;1;92
92;;;;;;;;;;;;;;;;;;;;;;;;;1;93
93;;;;;;;;;;;;;;;;;;;;;;;;;1;94
94;;;;;;;;;;;;;;;;;;;;;;;;;1;95
95;;;;;;;;;;;;;;;;;;;;;;;;;1;96
96;;;;;;;;;;;;;;;;;;;;;;;;;1;97
97;;;;;;;;;;;;;;;;;;;;;;;;;1;98
98;;;;;;;;;;;;;;;;;;;;;;;;;1;99
99;;;;;;;;;;;;;;;;;;;;;;;;;1;100
100;;;;;;;;;;;;;;;;;;;;;;;;;1;101
101;;;;;;;;;;;;;;;;;;;;;;;;;1;102
102;;;;;;;;;;;;;;;;;;;;;;;;;1;103
103;;;;;;;;;;;;;;;;;;;;;;;;;1;104
104;;;;;;;;;;;;;;;;;;;;;;;;;1;105
105;;;;;;;;;;;;;;;;;;;;;;;;;1;106
106;;;;;;;;;;;;;;;;;;;;;;;;;1;107
107;;;;;;;;;;;;;;;;;;;;;;;;;1;108
108;;;;;;;;;;;;;;;;;;;;;;;;;1;109
109;;;;;;;;;;;;;;;;;;;;;;;;;1;110
110;;;;;;;;;;;;;;;;;;;;;;;;;1;111
111;;;;;;;;;;;;;;;;;;;;;;;;;1;112
112;;;;;;;;;;;;;;;;;;;;;;;;;1;113
113;;;;;;;;;;;;;;;;;;;;;;;;;1;114
114;;;;;;;;;;;;;;;;;;;;;;;;;1;115
115;;;;;;;;;;;;;;;;;;;;;;;;;1;116
116;;;;;;;;;;;;;;;;;;;;;;;;;1;117
117;;;;;;;;;;;;;;;;;;;;;;;;;1;118
118;;;;;;;;;;;;;;;;;;;;;;;;;1;119
119;;;;;;;;;;;;;;;;;;;;;;;;;1;120
120;;;;;;;;;;;;;;;;;;;;;;;;;1;121
121;;;;;;;;;;;;;;;;;;;;;;;;;1;122
122;;;;;;;;;;;;;;;;;;;;;;;;;1;123
123;;;;;;;;;;;;;;;;;;;;;;;;;1;124
124;;;;;;;;;;;;;;;;;;;;;;;;;1;125
125;;;;;;;;;;;;;;;;;;;;;;;;;1;126
126;;;;;;;;;;;;;;;;;;;;;;;;;1;127
127;;;;;;;;;;;;;;;;;;;;;;;;;1;128
128;;;;;;;;;;;;;;;;;;;;;;;;;1;129
129;Now executing Pick up;;"{""content"": ""Now executing Pick up"", ""from_id"": ""human_selector"", ""to_id"": ""robot"", ""message_id"": ""b2c0e1bbb9c31d1ea0f19c88a0dded8a""}";;Now executing Pick up;;;Now executing Pick up;;;Now executing Pick up;;;Now executing Pick up;;;Now executing Pick up;;;Now executing Pick up;;;Now executing Pick up;;1;130
130;;;;;;;;;;;;;;;;;;;;;;;;;1;131
131;;;;;;;;;;;;;;;;;;;;;;;;;1;132
132;;;;;;;;;;;;;;;;;;;;;;;;;1;133
133;;;;;;;;;;;;;;;;;;;;;;;;;1;134
134;;;;;;;;;;;;;;;;;;;;;;;;;1;135
135;;;;;;;;;;;;;;;;;;;;;;;;;1;136
136;;;;;;;;;;;;;;;;;;;;;;;;;1;137
137;;I will now follow the Collaboration Pattern Pick up top rock.;;;I will now follow the Collaboration Pattern Pick up top rock.;;;I will now follow the Collaboration Pattern Pick up top rock.;;;I will now follow the Collaboration Pattern Pick up top rock.;;;I will now follow the Collaboration Pattern Pick up top rock.;;;I will now follow the Collaboration Pattern Pick up top rock.;;;I will now follow the Collaboration Pattern Pick up top rock.;;I will now follow the Collaboration Pattern Pick up top rock.;;"{""content"": ""I will now follow the Collaboration Pattern Pick up top rock."", ""from_id"": ""robot"", ""to_id"": ""ontologygod"", ""message_id"": ""b75b8075d3334d51e7dc1b7248eab360""}";1;138
138;;;;;;;;;;;;;;;;;;;;;;;;;1;139
139;;;;;;;;;;;;;;;;;;;;;;;;;1;140
140;;;;;;;;;;;;;;;;;;;;;;;;;1;141
141;;;;;;;;;;;;;;;;;;;;;;;;;1;142
142;;;;;;;;;;;;;;;;;;;;;;;;;1;143
143;;;;;;;;;;;;;;;;;;;;;;;;;1;144
144;;;;;;;;;;;;;;;;;;;;;;;;;1;145
145;;;;;;;;;;;;;;;;;;;;;;;;;1;146
146;;;;;;;;;;;;;;;;;;;;;;;;;1;147
147;;;;;;;;;;;;;;;;;;;;;;;;;1;148
148;;;;;;;;;;;;;;;;;;;;;;;;;1;149
149;;;;;;;;;;;;;;;;;;;;;;;;;1;150
150;;;;;;;;;;;;;;;;;;;;;;;;;1;151
151;;;;;;;;;;;;;;;;;;;;;;;;;1;152
152;Now executing Drop;;"{""content"": ""Now executing Drop"", ""from_id"": ""human_selector"", ""to_id"": ""robot"", ""message_id"": ""2c280aac35ef548ba1682c34188397bf""}";;Now executing Drop;;;Now executing Drop;;;Now executing Drop;;;Now executing Drop;;;Now executing Drop;;;Now executing Drop;;;Now executing Drop;;1;153
153;;;;;;;;;;;;;;;;;;;;;;;;;1;154
154;;;;;;;;;;;;;;;;;;;;;;;;;1;155
155;;;;;;;;;;;;;;;;;;;;;;;;;1;156
156;;;;;;;;;;;;;;;;;;;;;;;;;1;157
157;;;;;;;;;;;;;;;;;;;;;;;;;1;158
158;;;;;;;;;;;;;;;;;;;;;;;;;1;159
159;;;;;;;;;;;;;;;;;;;;;;;;;1;160
160;;;;;;;;;;;;;;;;;;;;;;;;;1;161
161;;;;;;;;;;;;;;;;;;;;;;;;;1;162
162;;;;;;;;;;;;;;;;;;;;;;;;"{""content"": null, ""from_id"": ""robot"", ""to_id"": ""ontologygod"", ""message_id"": ""bb83808a716af9e1c232958ef97ab5ba""}";1;163
163;;;;;;;;;;;;;;;;;;;;;;;;;1;164
164;;;;;;;;;;;;;;;;;;;;;;;;;1;165
165;;;;;;;;;;;;;;;;;;;;;;;;;1;166
166;;;;;;;;;;;;;;;;;;;;;;;;;1;167
167;;;;;;;;;;;;;;;;;;;;;;;;;1;168
168;;;;;;;;;;;;;;;;;;;;;;;;;1;169
169;;;;;;;;;;;;;;;;;;;;;;;;;1;170
170;;;;;;;;;;;;;;;;;;;;;;;;;1;171
171;;;;;;;;;;;;;;;;;;;;;;;;;1;172
172;;;;;;;;;;;;;;;;;;;;;;;;;1;173
173;;;;;;;;;;;;;;;;;;;;;;;;;1;174
174;;;;;;;;;;;;;;;;;;;;;;;;;1;175
175;;;;;;;;;;;;;;;;;;;;;;;;;1;176
176;;;;;;;;;;;;;;;;;;;;;;;;;1;177
177;;;;;;;;;;;;;;;;;;;;;;;;;1;178
178;;;;;;;;;;;;;;;;;;;;;;;;;1;179
179;;;;;;;;;;;;;;;;;;;;;;;;;1;180
180;{'past_action': ['Move back and forth', ['Left side of field']]};;"{""content"": {""past_action"": [""Move back and forth"", [""Left side of field""]]}, ""from_id"": ""human_selector"", ""to_id"": ""robot"", ""message_id"": ""19b4bba0dbc5274ddc217b6d20526d27""}";;{'past_action': ['Move back and forth', ['Left side of field']]};;;{'past_action': ['Move back and forth', ['Left side of field']]};;;{'past_action': ['Move back and forth', ['Left side of field']]};;;{'past_action': ['Move back and forth', ['Left side of field']]};;;{'past_action': ['Move back and forth', ['Left side of field']]};;;{'past_action': ['Move back and forth', ['Left side of field']]};;;{'past_action': ['Move back and forth', ['Left side of field']]};;1;181
181;;;;;;;;;;;;;;;;;;;;;;;;;1;182
182;;;;;;;;;;;;;;;;;;;;;;;;;1;183
183;;;;;;;;;;;;;;;;;;;;;;;;;1;184
184;;;;;;;;;;;;;;;;;;;;;;;;;1;185
185;;;;;;;;;;;;;;;;;;;;;;;;;1;186
186;;;;;;;;;;;;;;;;;;;;;;;;;1;187
187;;;;;;;;;;;;;;;;;;;;;;;;;1;188
188;;;;;;;;;;;;;;;;;;;;;;;;;1;189
189;;;;;;;;;;;;;;;;;;;;;;;;;1;190
190;;;;;;;;;;;;;;;;;;;;;;;;;1;191
191;;;;;;;;;;;;;;;;;;;;;;;;;1;192
192;;;;;;;;;;;;;;;;;;;;;;;;;1;193
193;;;;;;;;;;;;;;;;;;;;;;;;;1;194
194;;;;;;;;;;;;;;;;;;;;;;;;;1;195
195;;;;;;;;;;;;;;;;;;;;;;;;;1;196
196;;;;;;;;;;;;;;;;;;;;;;;;;1;197
197;;;;;;;;;;;;;;;;;;;;;;;;;1;198
198;;;;;;;;;;;;;;;;;;;;;;;;;1;199
199;;;;;;;;;;;;;;;;;;;;;;;;;1;200
200;;;;;;;;;;;;;;;;;;;;;;;;;1;201
201;;;;;;;;;;;;;;;;;;;;;;;;;1;202
202;;;;;;;;;;;;;;;;;;;;;;;;;1;203
203;;;;;;;;;;;;;;;;;;;;;;;;;1;204
204;;;;;;;;;;;;;;;;;;;;;;;;;1;205
205;;;;;;;;;;;;;;;;;;;;;;;;;1;206
206;;;;;;;;;;;;;;;;;;;;;;;;;1;207
207;;;;;;;;;;;;;;;;;;;;;;;;;1;208
208;;;;;;;;;;;;;;;;;;;;;;;;;1;209
209;;;;;;;;;;;;;;;;;;;;;;;;;1;210
210;;;;;;;;;;;;;;;;;;;;;;;;;1;211
211;;;;;;;;;;;;;;;;;;;;;;;;;1;212
212;Now executing Pick up;;"{""content"": ""Now executing Pick up"", ""from_id"": ""human_selector"", ""to_id"": ""robot"", ""message_id"": ""891f3c994748f8525ebb200cb6ed3158""}";;Now executing Pick up;;;Now executing Pick up;;;Now executing Pick up;;;Now executing Pick up;;;Now executing Pick up;;;Now executing Pick up;;;Now executing Pick up;;1;213
213;;;;;;;;;;;;;;;;;;;;;;;;;1;214
214;;;;;;;;;;;;;;;;;;;;;;;;;1;215
215;;;;;;;;;;;;;;;;;;;;;;;;;1;216
216;;;;;;;;;;;;;;;;;;;;;;;;;1;217
217;;;;;;;;;;;;;;;;;;;;;;;;;1;218
218;;;;;;;;;;;;;;;;;;;;;;;;;1;219
219;;;;;;;;;;;;;;;;;;;;;;;;;1;220
220;;;;;;;;;;;;;;;;;;;;;;;;;1;221
221;;;;;;;;;;;;;;;;;;;;;;;;;1;222
222;;;;;;;;;;;;;;;;;;;;;;;;;1;223
223;;;;;;;;;;;;;;;;;;;;;;;;;1;224
224;;;;;;;;;;;;;;;;;;;;;;;;;1;225
225;;;;;;;;;;;;;;;;;;;;;;;;;1;226
226;;;;;;;;;;;;;;;;;;;;;;;;;1;227
227;;;;;;;;;;;;;;;;;;;;;;;;;1;228
228;;;;;;;;;;;;;;;;;;;;;;;;;1;229
229;;;;;;;;;;;;;;;;;;;;;;;;;1;230
230;;;;;;;;;;;;;;;;;;;;;;;;;1;231
231;;;;;;;;;;;;;;;;;;;;;;;;;1;232
232;;;;;;;;;;;;;;;;;;;;;;;;;1;233
233;Now executing Drop;;"{""content"": ""Now executing Drop"", ""from_id"": ""human_selector"", ""to_id"": ""robot"", ""message_id"": ""68a6e07ead7cbe60e55740b8b42a695e""}";;Now executing Drop;;;Now executing Drop;;;Now executing Drop;;;Now executing Drop;;;Now executing Drop;;;Now executing Drop;;;Now executing Drop;;1;234
234;;;;;;;;;;;;;;;;;;;;;;;;;1;235
235;;;;;;;;;;;;;;;;;;;;;;;;;1;236
236;;;;;;;;;;;;;;;;;;;;;;;;;1;237
237;;;;;;;;;;;;;;;;;;;;;;;;;1;238
238;;;;;;;;;;;;;;;;;;;;;;;;;1;239
239;;;;;;;;;;;;;;;;;;;;;;;;;1;240
240;;;;;;;;;;;;;;;;;;;;;;;;;1;241
241;;;;;;;;;;;;;;;;;;;;;;;;;1;242
242;;;;;;;;;;;;;;;;;;;;;;;;;1;243
243;;;;;;;;;;;;;;;;;;;;;;;;;1;244
244;;;;;;;;;;;;;;;;;;;;;;;;;1;245
245;;;;;;;;;;;;;;;;;;;;;;;;;1;246
246;;;;;;;;;;;;;;;;;;;;;;;;;1;247
247;;;;;;;;;;;;;;;;;;;;;;;;;1;248
248;;;;;;;;;;;;;;;;;;;;;;;;;1;249
249;;;;;;;;;;;;;;;;;;;;;;;;;1;250
250;;;;;;;;;;;;;;;;;;;;;;;;;1;251
251;;;;;;;;;;;;;;;;;;;;;;;;;1;252
252;;;;;;;;;;;;;;;;;;;;;;;;;1;253
253;;;;;;;;;;;;;;;;;;;;;;;;;1;254
254;;;;;;;;;;;;;;;;;;;;;;;;;1;255
255;;;;;;;;;;;;;;;;;;;;;;;;;1;256
256;;;;;;;;;;;;;;;;;;;;;;;;;1;257
257;;;;;;;;;;;;;;;;;;;;;;;;;1;258
258;;;;;;;;;;;;;;;;;;;;;;;;;1;259
259;;;;;;;;;;;;;;;;;;;;;;;;;1;260
260;{'past_action': ['Move back and forth', ['Left side of field']]};;"{""content"": {""past_action"": [""Move back and forth"", [""Left side of field""]]}, ""from_id"": ""human_selector"", ""to_id"": ""robot"", ""message_id"": ""e5977a09b143919879e6ccc042f35716""}";;{'past_action': ['Move back and forth', ['Left side of field']]};;;{'past_action': ['Move back and forth', ['Left side of field']]};;;{'past_action': ['Move back and forth', ['Left side of field']]};;;{'past_action': ['Move back and forth', ['Left side of field']]};;;{'past_action': ['Move back and forth', ['Left side of field']]};;;{'past_action': ['Move back and forth', ['Left side of field']]};;;{'past_action': ['Move back and forth', ['Left side of field']]};;1;261
261;;;;;;;;;;;;;;;;;;;;;;;;;1;262
262;;;;;;;;;;;;;;;;;;;;;;;;;1;263
263;;Now executing Pick up a large rock at Top of rock pile;;;Now executing Pick up a large rock at Top of rock pile;;;Now executing Pick up a large rock at Top of rock pile;;;Now executing Pick up a large rock at Top of rock pile;;;Now executing Pick up a large rock at Top of rock pile;;;Now executing Pick up a large rock at Top of rock pile;;;Now executing Pick up a large rock at Top of rock pile;;Now executing Pick up a large rock at Top of rock pile;;"{""content"": ""Now executing Pick up a large rock at Top of rock pile"", ""from_id"": ""robot"", ""to_id"": ""ontologygod"", ""message_id"": ""12b264b105ae6c0a4fd5bdd5e14e1181""}";1;264
264;;;;;;;;;;;;;;;;;;;;;;;;;1;265
265;;;;;;;;;;;;;;;;;;;;;;;;;1;266
266;;;;;;;;;;;;;;;;;;;;;;;;;1;267
267;;;;;;;;;;;;;;;;;;;;;;;;;1;268
268;;;;;;;;;;;;;;;;;;;;;;;;;1;269
269;;;;;;;;;;;;;;;;;;;;;;;;;1;270
270;;;;;;;;;;;;;;;;;;;;;;;;;1;271
271;;;;;;;;;;;;;;;;;;;;;;;;;1;272
272;;;;;;;;;;;;;;;;;;;;;;;;;1;273
273;;;;;;;;;;;;;;;;;;;;;;;;;1;274
274;;;;;;;;;;;;;;;;;;;;;;;;;1;275
275;;;;;;;;;;;;;;;;;;;;;;;;;1;276
276;;;;;;;;;;;;;;;;;;;;;;;;;1;277
277;;;;;;;;;;;;;;;;;;;;;;;;;1;278
278;;;;;;;;;;;;;;;;;;;;;;;;;1;279
279;;;;;;;;;;;;;;;;;;;;;;;;;1;280
280;;;;;;;;;;;;;;;;;;;;;;;;;1;281
281;Now executing Pick up;;"{""content"": ""Now executing Pick up"", ""from_id"": ""human_selector"", ""to_id"": ""robot"", ""message_id"": ""6919932628ea1f30cd1a666d734a0ea7""}";;Now executing Pick up;;;Now executing Pick up;;;Now executing Pick up;;;Now executing Pick up;;;Now executing Pick up;;;Now executing Pick up;;;Now executing Pick up;;1;282
282;;;;;;;;;;;;;;;;;;;;;;;;;1;283
283;;;;;;;;;;;;;;;;;;;;;;;;;1;284
284;;;;;;;;;;;;;;;;;;;;;;;;;1;285
285;;;;;;;;;;;;;;;;;;;;;;;;;1;286
286;;;;;;;;;;;;;;;;;;;;;;;;;1;287
287;;;;;;;;;;;;;;;;;;;;;;;;;1;288
288;;;;;;;;;;;;;;;;;;;;;;;;;1;289
289;;;;;;;;;;;;;;;;;;;;;;;;;1;290
290;;;;;;;;;;;;;;;;;;;;;;;;;1;291
291;;;;;;;;;;;;;;;;;;;;;;;;;1;292
292;;;;;;;;;;;;;;;;;;;;;;;;;1;293
293;;;;;;;;;;;;;;;;;;;;;;;;;1;294
294;;;;;;;;;;;;;;;;;;;;;;;;;1;295
295;;;;;;;;;;;;;;;;;;;;;;;;;1;296
296;;;;;;;;;;;;;;;;;;;;;;;;;1;297
297;;;;;;;;;;;;;;;;;;;;;;;;;1;298
298;;;;;;;;;;;;;;;;;;;;;;;;;1;299
299;;;;;;;;;;;;;;;;;;;;;;;;;1;300
300;;;;;;;;;;;;;;;;;;;;;;;;;1;301
301;;;;;;;;;;;;;;;;;;;;;;;;;1;302
302;Now executing Drop;;"{""content"": ""Now executing Drop"", ""from_id"": ""human_selector"", ""to_id"": ""robot"", ""message_id"": ""21ad5bab112eea1fe6007e751d03c1b5""}";;Now executing Drop;;;Now executing Drop;;;Now executing Drop;;;Now executing Drop;;;Now executing Drop;;;Now executing Drop;;;Now executing Drop;;1;303
303;;;;;;;;;;;;;;;;;;;;;;;;;1;304
304;;;;;;;;;;;;;;;;;;;;;;;;;1;305
305;;;;;;;;;;;;;;;;;;;;;;;;;1;306
306;;;;;;;;;;;;;;;;;;;;;;;;;1;307
307;;;;;;;;;;;;;;;;;;;;;;;;;1;308
308;;;;;;;;;;;;;;;;;;;;;;;;;1;309
309;;;;;;;;;;;;;;;;;;;;;;;;;1;310
310;;;;;;;;;;;;;;;;;;;;;;;;;1;311
311;;;;;;;;;;;;;;;;;;;;;;;;;1;312
312;;;;;;;;;;;;;;;;;;;;;;;;;1;313
313;;;;;;;;;;;;;;;;;;;;;;;;;1;314
314;;;;;;;;;;;;;;;;;;;;;;;;;1;315
315;;;;;;;;;;;;;;;;;;;;;;;;;1;316
316;;;;;;;;;;;;;;;;;;;;;;;;;1;317
317;;;;;;;;;;;;;;;;;;;;;;;;;1;318
318;;;;;;;;;;;;;;;;;;;;;;;;;1;319
319;;;;;;;;;;;;;;;;;;;;;;;;;1;320
320;;;;;;;;;;;;;;;;;;;;;;;;;1;321
321;;;;;;;;;;;;;;;;;;;;;;;;;1;322
322;;;;;;;;;;;;;;;;;;;;;;;;;1;323
323;;;;;;;;;;;;;;;;;;;;;;;;;1;324
324;;;;;;;;;;;;;;;;;;;;;;;;;1;325
325;;;;;;;;;;;;;;;;;;;;;;;;;1;326
326;;;;;;;;;;;;;;;;;;;;;;;;;1;327
327;;;;;;;;;;;;;;;;;;;;;;;;;1;328
328;;;;;;;;;;;;;;;;;;;;;;;;;1;329
329;;;;;;;;;;;;;;;;;;;;;;;;;1;330
330;;;;;;;;;;;;;;;;;;;;;;;;;1;331
331;;;;;;;;;;;;;;;;;;;;;;;;;1;332
332;;;;;;;;;;;;;;;;;;;;;;;;;1;333
333;;;;;;;;;;;;;;;;;;;;;;;;;1;334
334;;;;;;;;;;;;;;;;;;;;;;;;;1;335
335;;;;;;;;;;;;;;;;;;;;;;;;;1;336
336;;;;;;;;;;;;;;;;;;;;;;;;;1;337
337;;;;;;;;;;;;;;;;;;;;;;;;;1;338
338;;;;;;;;;;;;;;;;;;;;;;;;;1;339
339;;;;;;;;;;;;;;;;;;;;;;;;;1;340
340;;;;;;;;;;;;;;;;;;;;;;;;;1;341
341;;;;;;;;;;;;;;;;;;;;;;;;;1;342
342;Now executing Pick up;;"{""content"": ""Now executing Pick up"", ""from_id"": ""human_selector"", ""to_id"": ""robot"", ""message_id"": ""7912487aeb6ec36afbb7e9d9a397bf92""}";;Now executing Pick up;;;Now executing Pick up;;;Now executing Pick up;;;Now executing Pick up;;;Now executing Pick up;;;Now executing Pick up;;;Now executing Pick up;;1;343
343;;;;;;;;;;;;;;;;;;;;;;;;;1;344
344;;;;;;;;;;;;;;;;;;;;;;;;;1;345
345;;;;;;;;;;;;;;;;;;;;;;;;;1;346
346;;;;;;;;;;;;;;;;;;;;;;;;;1;347
347;;;;;;;;;;;;;;;;;;;;;;;;;1;348
348;;;;;;;;;;;;;;;;;;;;;;;;;1;349
349;;;;;;;;;;;;;;;;;;;;;;;;;1;350
350;;;;;;;;;;;;;;;;;;;;;;;;;1;351
351;;;;;;;;;;;;;;;;;;;;;;;;;1;352
352;;;;;;;;;;;;;;;;;;;;;;;;;1;353
353;;;;;;;;;;;;;;;;;;;;;;;;;1;354
354;;;;;;;;;;;;;;;;;;;;;;;;;1;355
355;;;;;;;;;;;;;;;;;;;;;;;;;1;356
356;;;;;;;;;;;;;;;;;;;;;;;;;1;357
357;;;;;;;;;;;;;;;;;;;;;;;;;1;358
358;;;;;;;;;;;;;;;;;;;;;;;;;1;359
359;;;;;;;;;;;;;;;;;;;;;;;;;1;360
360;;;;;;;;;;;;;;;;;;;;;;;;;1;361
361;;;;;;;;;;;;;;;;;;;;;;;;;1;362
362;;;;;;;;;;;;;;;;;;;;;;;;;1;363
363;;;;;;;;;;;;;;;;;;;;;;;;;1;364
364;Now executing Drop;;"{""content"": ""Now executing Drop"", ""from_id"": ""human_selector"", ""to_id"": ""robot"", ""message_id"": ""f50c0e011c53677597a5fd5c8cc72148""}";;Now executing Drop;;;Now executing Drop;;;Now executing Drop;;;Now executing Drop;;;Now executing Drop;;;Now executing Drop;;;Now executing Drop;;1;365
365;;;;;;;;;;;;;;;;;;;;;;;;"{""content"": null, ""from_id"": ""robot"", ""to_id"": ""ontologygod"", ""message_id"": ""93f42574513f054eb909f20a71953ddb""}";1;366
366;;;;;;;;;;;;;;;;;;;;;;;;;1;367
367;;;;;;;;;;;;;;;;;;;;;;;;;1;368
368;;;;;;;;;;;;;;;;;;;;;;;;;1;369
369;;;;;;;;;;;;;;;;;;;;;;;;;1;370
370;;;;;;;;;;;;;;;;;;;;;;;;;1;371
371;;;;;;;;;;;;;;;;;;;;;;;;;1;372
372;;;;;;;;;;;;;;;;;;;;;;;;;1;373
373;;;;;;;;;;;;;;;;;;;;;;;;;1;374
374;;;;;;;;;;;;;;;;;;;;;;;;;1;375
375;;;;;;;;;;;;;;;;;;;;;;;;;1;376
376;;;;;;;;;;;;;;;;;;;;;;;;;1;377
377;;;;;;;;;;;;;;;;;;;;;;;;;1;378
378;;;;;;;;;;;;;;;;;;;;;;;;;1;379
379;;;;;;;;;;;;;;;;;;;;;;;;;1;380
380;;;;;;;;;;;;;;;;;;;;;;;;;1;381
381;;;;;;;;;;;;;;;;;;;;;;;;;1;382
382;;;;;;;;;;;;;;;;;;;;;;;;;1;383
383;;;;;;;;;;;;;;;;;;;;;;;;;1;384
384;;;;;;;;;;;;;;;;;;;;;;;;;1;385
385;;;;;;;;;;;;;;;;;;;;;;;;;1;386
386;;;;;;;;;;;;;;;;;;;;;;;;;1;387
387;;;;;;;;;;;;;;;;;;;;;;;;;1;388
388;;;;;;;;;;;;;;;;;;;;;;;;;1;389
389;;;;;;;;;;;;;;;;;;;;;;;;;1;390
390;;;;;;;;;;;;;;;;;;;;;;;;;1;391
391;;;;;;;;;;;;;;;;;;;;;;;;;1;392
392;;;;;;;;;;;;;;;;;;;;;;;;;1;393
393;;;;;;;;;;;;;;;;;;;;;;;;;1;394
394;;;;;;;;;;;;;;;;;;;;;;;;;1;395
395;;;;;;;;;;;;;;;;;;;;;;;;;1;396
396;;;;;;;;;;;;;;;;;;;;;;;;;1;397
397;;;;;;;;;;;;;;;;;;;;;;;;;1;398
398;;;;;;;;;;;;;;;;;;;;;;;;;1;399
399;;;;;;;;;;;;;;;;;;;;;;;;;1;400
400;;;;;;;;;;;;;;;;;;;;;;;;;1;401
401;;;;;;;;;;;;;;;;;;;;;;;;;1;402
402;;;;;;;;;;;;;;;;;;;;;;;;;1;403
403;;;;;;;;;;;;;;;;;;;;;;;;;1;404
404;;;;;;;;;;;;;;;;;;;;;;;;;1;405
405;;;;;;;;;;;;;;;;;;;;;;;;;1;406
406;;;;;;;;;;;;;;;;;;;;;;;;;1;407
407;;;;;;;;;;;;;;;;;;;;;;;;;1;408
408;;;;;;;;;;;;;;;;;;;;;;;;;1;409
409;;;;;;;;;;;;;;;;;;;;;;;;;1;410
410;;;;;;;;;;;;;;;;;;;;;;;;;1;411
411;;;;;;;;;;;;;;;;;;;;;;;;;1;412
412;;;;;;;;;;;;;;;;;;;;;;;;;1;413
413;;;;;;;;;;;;;;;;;;;;;;;;;1;414
414;;;;;;;;;;;;;;;;;;;;;;;;;1;415
415;;;;;;;;;;;;;;;;;;;;;;;;;1;416
416;;;;;;;;;;;;;;;;;;;;;;;;;1;417
417;;;;;;;;;;;;;;;;;;;;;;;;;1;418
418;;;;;;;;;;;;;;;;;;;;;;;;;1;419
419;;;;;;;;;;;;;;;;;;;;;;;;;1;420
420;;;;;;;;;;;;;;;;;;;;;;;;;1;421
421;;;;;;;;;;;;;;;;;;;;;;;;;1;422
422;;;;;;;;;;;;;;;;;;;;;;;;;1;423
423;;;;;;;;;;;;;;;;;;;;;;;;;1;424
424;;;;;;;;;;;;;;;;;;;;;;;;;1;425
425;;;;;;;;;;;;;;;;;;;;;;;;;1;426
426;;;;;;;;;;;;;;;;;;;;;;;;;1;427
427;;;;;;;;;;;;;;;;;;;;;;;;;1;428
428;;;;;;;;;;;;;;;;;;;;;;;;;1;429
429;;;;;;;;;;;;;;;;;;;;;;;;;1;430
430;;;;;;;;;;;;;;;;;;;;;;;;;1;431
431;;;;;;;;;;;;;;;;;;;;;;;;;1;432
432;;;;;;;;;;;;;;;;;;;;;;;;;1;433
433;;Now executing Pick up a large rock at Top of rock pile;;;Now executing Pick up a large rock at Top of rock pile;;;Now executing Pick up a large rock at Top of rock pile;;;Now executing Pick up a large rock at Top of rock pile;;;Now executing Pick up a large rock at Top of rock pile;;;Now executing Pick up a large rock at Top of rock pile;;;Now executing Pick up a large rock at Top of rock pile;;Now executing Pick up a large rock at Top of rock pile;;"{""content"": ""Now executing Pick up a large rock at Top of rock pile"", ""from_id"": ""robot"", ""to_id"": ""ontologygod"", ""message_id"": ""325a0d48cffa026bbbe379099e5c60c0""}";1;434
434;;;;;;;;;;;;;;;;;;;;;;;;;1;435
435;;;;;;;;;;;;;;;;;;;;;;;;;1;436
436;;;;;;;;;;;;;;;;;;;;;;;;;1;437
437;;;;;;;;;;;;;;;;;;;;;;;;;1;438
438;;;;;;;;;;;;;;;;;;;;;;;;;1;439
439;;;;;;;;;;;;;;;;;;;;;;;;;1;440
440;;;;;;;;;;;;;;;;;;;;;;;;;1;441
441;;;;;;;;;;;;;;;;;;;;;;;;;1;442
442;;;;;;;;;;;;;;;;;;;;;;;;;1;443
443;;;;;;;;;;;;;;;;;;;;;;;;;1;444
444;;;;;;;;;;;;;;;;;;;;;;;;;1;445
445;;;;;;;;;;;;;;;;;;;;;;;;;1;446
446;;;;;;;;;;;;;;;;;;;;;;;;;1;447
447;;;;;;;;;;;;;;;;;;;;;;;;;1;448
448;;;;;;;;;;;;;;;;;;;;;;;;;1;449
449;;;;;;;;;;;;;;;;;;;;;;;;;1;450
450;;;;;;;;;;;;;;;;;;;;;;;;;1;451
451;;;;;;;;;;;;;;;;;;;;;;;;;1;452
452;;;;;;;;;;;;;;;;;;;;;;;;;1;453
453;;;;;;;;;;;;;;;;;;;;;;;;;1;454
454;;;;;;;;;;;;;;;;;;;;;;;;;1;455
455;;;;;;;;;;;;;;;;;;;;;;;;;1;456
456;;;;;;;;;;;;;;;;;;;;;;;;;1;457
457;;;;;;;;;;;;;;;;;;;;;;;;;1;458
458;;;;;;;;;;;;;;;;;;;;;;;;;1;459
459;;;;;;;;;;;;;;;;;;;;;;;;;1;460
460;;;;;;;;;;;;;;;;;;;;;;;;;1;461
461;;;;;;;;;;;;;;;;;;;;;;;;;1;462
462;;;;;;;;;;;;;;;;;;;;;;;;;1;463
463;;;;;;;;;;;;;;;;;;;;;;;;;1;464
464;;;;;;;;;;;;;;;;;;;;;;;;;1;465
465;;;;;;;;;;;;;;;;;;;;;;;;;1;466
466;;;;;;;;;;;;;;;;;;;;;;;;;1;467
467;;;;;;;;;;;;;;;;;;;;;;;;;1;468
468;;;;;;;;;;;;;;;;;;;;;;;;;1;469
469;;;;;;;;;;;;;;;;;;;;;;;;;1;470
470;;;;;;;;;;;;;;;;;;;;;;;;;1;471
471;;;;;;;;;;;;;;;;;;;;;;;;;1;472
472;;;;;;;;;;;;;;;;;;;;;;;;;1;473
473;;;;;;;;;;;;;;;;;;;;;;;;;1;474
474;;;;;;;;;;;;;;;;;;;;;;;;;1;475
475;;;;;;;;;;;;;;;;;;;;;;;;;1;476
476;;;;;;;;;;;;;;;;;;;;;;;;;1;477
477;;;;;;;;;;;;;;;;;;;;;;;;;1;478
478;;;;;;;;;;;;;;;;;;;;;;;;;1;479
479;;;;;;;;;;;;;;;;;;;;;;;;;1;480
480;;;;;;;;;;;;;;;;;;;;;;;;;1;481
481;;;;;;;;;;;;;;;;;;;;;;;;;1;482
482;;;;;;;;;;;;;;;;;;;;;;;;;1;483
483;;;;;;;;;;;;;;;;;;;;;;;;;1;484
484;;;;;;;;;;;;;;;;;;;;;;;;;1;485
485;;;;;;;;;;;;;;;;;;;;;;;;;1;486
486;;;;;;;;;;;;;;;;;;;;;;;;;1;487
487;;;;;;;;;;;;;;;;;;;;;;;;;1;488
488;;;;;;;;;;;;;;;;;;;;;;;;;1;489
489;;;;;;;;;;;;;;;;;;;;;;;;;1;490
490;;;;;;;;;;;;;;;;;;;;;;;;;1;491
491;;;;;;;;;;;;;;;;;;;;;;;;;1;492
492;;;;;;;;;;;;;;;;;;;;;;;;;1;493
493;;;;;;;;;;;;;;;;;;;;;;;;;1;494
494;;;;;;;;;;;;;;;;;;;;;;;;;1;495
495;Now executing Pick up;;"{""content"": ""Now executing Pick up"", ""from_id"": ""human_selector"", ""to_id"": ""robot"", ""message_id"": ""a21cdedb39c4ab43dd37feb682dbcafd""}";;Now executing Pick up;;;Now executing Pick up;;;Now executing Pick up;;;Now executing Pick up;;;Now executing Pick up;;;Now executing Pick up;;;Now executing Pick up;;1;496
496;;;;;;;;;;;;;;;;;;;;;;;;;1;497
497;;;;;;;;;;;;;;;;;;;;;;;;;1;498
498;;;;;;;;;;;;;;;;;;;;;;;;;1;499
499;;;;;;;;;;;;;;;;;;;;;;;;;1;500
500;;;;;;;;;;;;;;;;;;;;;;;;;1;501
501;;;;;;;;;;;;;;;;;;;;;;;;;1;502
502;;;;;;;;;;;;;;;;;;;;;;;;"{""content"": null, ""from_id"": ""robot"", ""to_id"": ""ontologygod"", ""message_id"": ""5221822714b91bc75aa10c656413a31e""}";1;503
503;;;;;;;;;;;;;;;;;;;;;;;;;1;504
504;;;;;;;;;;;;;;;;;;;;;;;;;1;505
505;;;;;;;;;;;;;;;;;;;;;;;;;1;506
506;;;;;;;;;;;;;;;;;;;;;;;;;1;507
507;;;;;;;;;;;;;;;;;;;;;;;;;1;508
508;;;;;;;;;;;;;;;;;;;;;;;;;1;509
509;;;;;;;;;;;;;;;;;;;;;;;;;1;510
510;;;;;;;;;;;;;;;;;;;;;;;;;1;511
511;;;;;;;;;;;;;;;;;;;;;;;;;1;512
512;;;;;;;;;;;;;;;;;;;;;;;;;1;513
513;;;;;;;;;;;;;;;;;;;;;;;;;1;514
514;;;;;;;;;;;;;;;;;;;;;;;;;1;515
515;;;;;;;;;;;;;;;;;;;;;;;;;1;516
516;;;;;;;;;;;;;;;;;;;;;;;;;1;517
517;;;;;;;;;;;;;;;;;;;;;;;;;1;518
518;;;;;;;;;;;;;;;;;;;;;;;;;1;519
519;;;;;;;;;;;;;;;;;;;;;;;;;1;520
520;Now executing Drop;;"{""content"": ""Now executing Drop"", ""from_id"": ""human_selector"", ""to_id"": ""robot"", ""message_id"": ""50717eae6752470a04a5659277d41724""}";;Now executing Drop;;;Now executing Drop;;;Now executing Drop;;;Now executing Drop;;;Now executing Drop;;;Now executing Drop;;;Now executing Drop;;1;521
521;;;;;;;;;;;;;;;;;;;;;;;;;1;522
522;;;;;;;;;;;;;;;;;;;;;;;;;1;523
523;;;;;;;;;;;;;;;;;;;;;;;;;1;524
524;;;;;;;;;;;;;;;;;;;;;;;;;1;525
525;;;;;;;;;;;;;;;;;;;;;;;;;1;526
526;;;;;;;;;;;;;;;;;;;;;;;;;1;527
527;;;;;;;;;;;;;;;;;;;;;;;;;1;528
528;;;;;;;;;;;;;;;;;;;;;;;;;1;529
529;;;;;;;;;;;;;;;;;;;;;;;;;1;530
530;;;;;;;;;;;;;;;;;;;;;;;;;1;531
531;;;;;;;;;;;;;;;;;;;;;;;;;1;532
532;;;;;;;;;;;;;;;;;;;;;;;;;1;533
533;;;;;;;;;;;;;;;;;;;;;;;;;1;534
534;;;;;;;;;;;;;;;;;;;;;;;;;1;535
535;;;;;;;;;;;;;;;;;;;;;;;;;1;536
536;;;;;;;;;;;;;;;;;;;;;;;;;1;537
537;;;;;;;;;;;;;;;;;;;;;;;;;1;538
538;;;;;;;;;;;;;;;;;;;;;;;;;1;539
539;;;;;;;;;;;;;;;;;;;;;;;;;1;540
540;;;;;;;;;;;;;;;;;;;;;;;;;1;541
541;;;;;;;;;;;;;;;;;;;;;;;;;1;542
542;;;;;;;;;;;;;;;;;;;;;;;;;1;543
543;;;;;;;;;;;;;;;;;;;;;;;;;1;544
544;;;;;;;;;;;;;;;;;;;;;;;;;1;545
545;;;;;;;;;;;;;;;;;;;;;;;;;1;546
546;;;;;;;;;;;;;;;;;;;;;;;;;1;547
547;;;;;;;;;;;;;;;;;;;;;;;;;1;548
548;;;;;;;;;;;;;;;;;;;;;;;;;1;549
549;;;;;;;;;;;;;;;;;;;;;;;;;1;550
550;;;;;;;;;;;;;;;;;;;;;;;;;1;551
551;;;;;;;;;;;;;;;;;;;;;;;;;1;552
552;;;;;;;;;;;;;;;;;;;;;;;;;1;553
553;;;;;;;;;;;;;;;;;;;;;;;;;1;554
554;;;;;;;;;;;;;;;;;;;;;;;;;1;555
555;;;;;;;;;;;;;;;;;;;;;;;;;1;556
556;;;;;;;;;;;;;;;;;;;;;;;;;1;557
557;;;;;;;;;;;;;;;;;;;;;;;;;1;558
558;;;;;;;;;;;;;;;;;;;;;;;;;1;559
559;;;;;;;;;;;;;;;;;;;;;;;;;1;560
560;;;;;;;;;;;;;;;;;;;;;;;;;1;561
561;;;;;;;;;;;;;;;;;;;;;;;;;1;562
562;;;;;;;;;;;;;;;;;;;;;;;;;1;563
563;;;;;;;;;;;;;;;;;;;;;;;;;1;564
564;;;;;;;;;;;;;;;;;;;;;;;;;1;565
565;;;;;;;;;;;;;;;;;;;;;;;;;1;566
566;;;;;;;;;;;;;;;;;;;;;;;;;1;567
567;{'past_action': ['Stand still', ['Left side of field']]};;"{""content"": {""past_action"": [""Stand still"", [""Left side of field""]]}, ""from_id"": ""human_selector"", ""to_id"": ""robot"", ""message_id"": ""c6a9f510f63f5a8dee916064a94a9033""}";;{'past_action': ['Stand still', ['Left side of field']]};;;{'past_action': ['Stand still', ['Left side of field']]};;;{'past_action': ['Stand still', ['Left side of field']]};;;{'past_action': ['Stand still', ['Left side of field']]};;;{'past_action': ['Stand still', ['Left side of field']]};;;{'past_action': ['Stand still', ['Left side of field']]};;;{'past_action': ['Stand still', ['Left side of field']]};;1;568
568;;;;;;;;;;;;;;;;;;;;;;;;;1;569
569;;;;;;;;;;;;;;;;;;;;;;;;;1;570
570;;Now executing Pick up a large rock at Top of rock pile;;;Now executing Pick up a large rock at Top of rock pile;;;Now executing Pick up a large rock at Top of rock pile;;;Now executing Pick up a large rock at Top of rock pile;;;Now executing Pick up a large rock at Top of rock pile;;;Now executing Pick up a large rock at Top of rock pile;;;Now executing Pick up a large rock at Top of rock pile;;Now executing Pick up a large rock at Top of rock pile;;"{""content"": ""Now executing Pick up a large rock at Top of rock pile"", ""from_id"": ""robot"", ""to_id"": ""ontologygod"", ""message_id"": ""9b8ffa16948541b4a74246453a376b0e""}";1;571
571;;;;;;;;;;;;;;;;;;;;;;;;;1;572
572;;;;;;;;;;;;;;;;;;;;;;;;;1;573
573;;;;;;;;;;;;;;;;;;;;;;;;;1;574
574;;;;;;;;;;;;;;;;;;;;;;;;;1;575
575;;;;;;;;;;;;;;;;;;;;;;;;;1;576
576;;;;;;;;;;;;;;;;;;;;;;;;;1;577
577;;;;;;;;;;;;;;;;;;;;;;;;;1;578
578;;;;;;;;;;;;;;;;;;;;;;;;;1;579
579;;;;;;;;;;;;;;;;;;;;;;;;;1;580
580;;;;;;;;;;;;;;;;;;;;;;;;;1;581
581;;;;;;;;;;;;;;;;;;;;;;;;;1;582
582;;;;;;;;;;;;;;;;;;;;;;;;;1;583
583;;;;;;;;;;;;;;;;;;;;;;;;;1;584
584;;;;;;;;;;;;;;;;;;;;;;;;;1;585
585;;;;;;;;;;;;;;;;;;;;;;;;;1;586
586;;;;;;;;;;;;;;;;;;;;;;;;;1;587
587;;;;;;;;;;;;;;;;;;;;;;;;;1;588
588;;;;;;;;;;;;;;;;;;;;;;;;;1;589
589;;;;;;;;;;;;;;;;;;;;;;;;;1;590
590;;;;;;;;;;;;;;;;;;;;;;;;;1;591
591;;;;;;;;;;;;;;;;;;;;;;;;;1;592
592;;;;;;;;;;;;;;;;;;;;;;;;;1;593
593;;;;;;;;;;;;;;;;;;;;;;;;;1;594
594;;;;;;;;;;;;;;;;;;;;;;;;;1;595
595;;;;;;;;;;;;;;;;;;;;;;;;;1;596
596;;;;;;;;;;;;;;;;;;;;;;;;;1;597
597;;;;;;;;;;;;;;;;;;;;;;;;;1;598
598;;;;;;;;;;;;;;;;;;;;;;;;;1;599
599;;;;;;;;;;;;;;;;;;;;;;;;;1;600
600;{'past_action': ['Move back and forth', ['Left side of field']]};;"{""content"": {""past_action"": [""Move back and forth"", [""Left side of field""]]}, ""from_id"": ""human_selector"", ""to_id"": ""robot"", ""message_id"": ""4288d142497d1e95cb3d38e05444996e""}";;{'past_action': ['Move back and forth', ['Left side of field']]};;;{'past_action': ['Move back and forth', ['Left side of field']]};;;{'past_action': ['Move back and forth', ['Left side of field']]};;;{'past_action': ['Move back and forth', ['Left side of field']]};;;{'past_action': ['Move back and forth', ['Left side of field']]};;;{'past_action': ['Move back and forth', ['Left side of field']]};;;{'past_action': ['Move back and forth', ['Left side of field']]};;1;601
601;;;;;;;;;;;;;;;;;;;;;;;;;1;602
602;;;;;;;;;;;;;;;;;;;;;;;;;1;603
603;;;;;;;;;;;;;;;;;;;;;;;;;1;604
604;;;;;;;;;;;;;;;;;;;;;;;;;1;605
605;;;;;;;;;;;;;;;;;;;;;;;;;1;606
606;;;;;;;;;;;;;;;;;;;;;;;;;1;607
607;;;;;;;;;;;;;;;;;;;;;;;;;1;608
608;;;;;;;;;;;;;;;;;;;;;;;;;1;609
609;;;;;;;;;;;;;;;;;;;;;;;;;1;610
610;;;;;;;;;;;;;;;;;;;;;;;;;1;611
611;;;;;;;;;;;;;;;;;;;;;;;;;1;612
612;;;;;;;;;;;;;;;;;;;;;;;;;1;613
613;;;;;;;;;;;;;;;;;;;;;;;;;1;614
614;;;;;;;;;;;;;;;;;;;;;;;;;1;615
615;;;;;;;;;;;;;;;;;;;;;;;;;1;616
616;;;;;;;;;;;;;;;;;;;;;;;;;1;617
617;;;;;;;;;;;;;;;;;;;;;;;;;1;618
618;;;;;;;;;;;;;;;;;;;;;;;;;1;619
619;;;;;;;;;;;;;;;;;;;;;;;;;1;620
620;;;;;;;;;;;;;;;;;;;;;;;;;1;621
621;;;;;;;;;;;;;;;;;;;;;;;;;1;622
622;Now executing Pick up;;"{""content"": ""Now executing Pick up"", ""from_id"": ""human_selector"", ""to_id"": ""robot"", ""message_id"": ""367ce3b30fcdedb3a585c18aebb91594""}";;Now executing Pick up;;;Now executing Pick up;;;Now executing Pick up;;;Now executing Pick up;;;Now executing Pick up;;;Now executing Pick up;;;Now executing Pick up;;1;623
623;;;;;;;;;;;;;;;;;;;;;;;;;1;624
624;;;;;;;;;;;;;;;;;;;;;;;;;1;625
625;;;;;;;;;;;;;;;;;;;;;;;;;1;626
626;;;;;;;;;;;;;;;;;;;;;;;;;1;627
627;;;;;;;;;;;;;;;;;;;;;;;;;1;628
628;;;;;;;;;;;;;;;;;;;;;;;;;1;629
629;;;;;;;;;;;;;;;;;;;;;;;;;1;630
630;;;;;;;;;;;;;;;;;;;;;;;;;1;631
631;;;;;;;;;;;;;;;;;;;;;;;;;1;632
632;;;;;;;;;;;;;;;;;;;;;;;;;1;633
633;;;;;;;;;;;;;;;;;;;;;;;;;1;634
634;;;;;;;;;;;;;;;;;;;;;;;;;1;635
635;;;;;;;;;;;;;;;;;;;;;;;;;1;636
636;;;;;;;;;;;;;;;;;;;;;;;;;1;637
637;;;;;;;;;;;;;;;;;;;;;;;;;1;638
638;Now executing Drop;;"{""content"": ""Now executing Drop"", ""from_id"": ""human_selector"", ""to_id"": ""robot"", ""message_id"": ""3140650f1c61ed1d6ef586d34904dfad""}";;Now executing Drop;;;Now executing Drop;;;Now executing Drop;;;Now executing Drop;;;Now executing Drop;;;Now executing Drop;;;Now executing Drop;;1;639
639;;;;;;;;;;;;;;;;;;;;;;;;;1;640
640;;;;;;;;;;;;;;;;;;;;;;;;;1;641
641;;;;;;;;;;;;;;;;;;;;;;;;;1;642
642;;;;;;;;;;;;;;;;;;;;;;;;;1;643
643;;;;;;;;;;;;;;;;;;;;;;;;;1;644
644;;;;;;;;;;;;;;;;;;;;;;;;;1;645
645;;;;;;;;;;;;;;;;;;;;;;;;;1;646
646;;;;;;;;;;;;;;;;;;;;;;;;;1;647
647;;;;;;;;;;;;;;;;;;;;;;;;;1;648
648;;;;;;;;;;;;;;;;;;;;;;;;;1;649
649;;;;;;;;;;;;;;;;;;;;;;;;;1;650
650;;;;;;;;;;;;;;;;;;;;;;;;"{""content"": null, ""from_id"": ""robot"", ""to_id"": ""ontologygod"", ""message_id"": ""3fb06f234f331a60fde8a38df31479f5""}";1;651
651;;;;;;;;;;;;;;;;;;;;;;;;;1;652
652;;;;;;;;;;;;;;;;;;;;;;;;;1;653
653;;;;;;;;;;;;;;;;;;;;;;;;;1;654
654;;;;;;;;;;;;;;;;;;;;;;;;;1;655
655;;;;;;;;;;;;;;;;;;;;;;;;;1;656
656;;;;;;;;;;;;;;;;;;;;;;;;;1;657
657;;;;;;;;;;;;;;;;;;;;;;;;;1;658
658;;;;;;;;;;;;;;;;;;;;;;;;;1;659
659;;;;;;;;;;;;;;;;;;;;;;;;;1;660
660;;;;;;;;;;;;;;;;;;;;;;;;;1;661
661;;;;;;;;;;;;;;;;;;;;;;;;;1;662
662;;;;;;;;;;;;;;;;;;;;;;;;;1;663
663;;;;;;;;;;;;;;;;;;;;;;;;;1;664
664;;;;;;;;;;;;;;;;;;;;;;;;;1;665
665;;;;;;;;;;;;;;;;;;;;;;;;;1;666
666;;;;;;;;;;;;;;;;;;;;;;;;;1;667
667;;;;;;;;;;;;;;;;;;;;;;;;;1;668
668;;;;;;;;;;;;;;;;;;;;;;;;;1;669
669;;;;;;;;;;;;;;;;;;;;;;;;;1;670
670;;;;;;;;;;;;;;;;;;;;;;;;;1;671
671;Now executing Pick up;;"{""content"": ""Now executing Pick up"", ""from_id"": ""human_selector"", ""to_id"": ""robot"", ""message_id"": ""14a01f4f73d4b6bddeecf43b1c2cda8b""}";;Now executing Pick up;;;Now executing Pick up;;;Now executing Pick up;;;Now executing Pick up;;;Now executing Pick up;;;Now executing Pick up;;;Now executing Pick up;;1;672
672;;;;;;;;;;;;;;;;;;;;;;;;;1;673
673;;;;;;;;;;;;;;;;;;;;;;;;;1;674
674;;;;;;;;;;;;;;;;;;;;;;;;;1;675
675;;;;;;;;;;;;;;;;;;;;;;;;;1;676
676;;;;;;;;;;;;;;;;;;;;;;;;;1;677
677;;;;;;;;;;;;;;;;;;;;;;;;;1;678
678;;;;;;;;;;;;;;;;;;;;;;;;;1;679
679;;;;;;;;;;;;;;;;;;;;;;;;;1;680
680;;;;;;;;;;;;;;;;;;;;;;;;;1;681
681;;;;;;;;;;;;;;;;;;;;;;;;;1;682
682;;;;;;;;;;;;;;;;;;;;;;;;;1;683
683;;;;;;;;;;;;;;;;;;;;;;;;;1;684
684;;;;;;;;;;;;;;;;;;;;;;;;;1;685
685;;;;;;;;;;;;;;;;;;;;;;;;;1;686
686;;;;;;;;;;;;;;;;;;;;;;;;;1;687
687;;;;;;;;;;;;;;;;;;;;;;;;;1;688
688;;;;;;;;;;;;;;;;;;;;;;;;;1;689
689;;;;;;;;;;;;;;;;;;;;;;;;;1;690
690;;;;;;;;;;;;;;;;;;;;;;;;;1;691
691;;;;;;;;;;;;;;;;;;;;;;;;;1;692
692;Now executing Drop;;"{""content"": ""Now executing Drop"", ""from_id"": ""human_selector"", ""to_id"": ""robot"", ""message_id"": ""b143e3a9a043de1fd805ab6c4751e22a""}";;Now executing Drop;;;Now executing Drop;;;Now executing Drop;;;Now executing Drop;;;Now executing Drop;;;Now executing Drop;;;Now executing Drop;;1;693
693;;;;;;;;;;;;;;;;;;;;;;;;;1;694
694;;;;;;;;;;;;;;;;;;;;;;;;;1;695
695;;;;;;;;;;;;;;;;;;;;;;;;;1;696
696;;;;;;;;;;;;;;;;;;;;;;;;;1;697
697;;;;;;;;;;;;;;;;;;;;;;;;;1;698
698;;;;;;;;;;;;;;;;;;;;;;;;;1;699
699;;;;;;;;;;;;;;;;;;;;;;;;;1;700
700;;;;;;;;;;;;;;;;;;;;;;;;;1;701
701;;;;;;;;;;;;;;;;;;;;;;;;;1;702
702;;;;;;;;;;;;;;;;;;;;;;;;;1;703
703;;;;;;;;;;;;;;;;;;;;;;;;;1;704
704;;;;;;;;;;;;;;;;;;;;;;;;;1;705
705;;;;;;;;;;;;;;;;;;;;;;;;;1;706
706;;;;;;;;;;;;;;;;;;;;;;;;;1;707
707;;;;;;;;;;;;;;;;;;;;;;;;;1;708
708;;;;;;;;;;;;;;;;;;;;;;;;;1;709
709;;;;;;;;;;;;;;;;;;;;;;;;;1;710
710;;;;;;;;;;;;;;;;;;;;;;;;;1;711
711;;;;;;;;;;;;;;;;;;;;;;;;;1;712
712;;;;;;;;;;;;;;;;;;;;;;;;;1;713
713;;;;;;;;;;;;;;;;;;;;;;;;;1;714
714;;;;;;;;;;;;;;;;;;;;;;;;;1;715
715;;;;;;;;;;;;;;;;;;;;;;;;;1;716
716;;;;;;;;;;;;;;;;;;;;;;;;;1;717
717;;;;;;;;;;;;;;;;;;;;;;;;;1;718
718;;;;;;;;;;;;;;;;;;;;;;;;;1;719
719;;;;;;;;;;;;;;;;;;;;;;;;;1;720
720;;;;;;;;;;;;;;;;;;;;;;;;;1;721
721;;;;;;;;;;;;;;;;;;;;;;;;;1;722
722;;;;;;;;;;;;;;;;;;;;;;;;;1;723
723;;;;;;;;;;;;;;;;;;;;;;;;;1;724
724;;;;;;;;;;;;;;;;;;;;;;;;;1;725
725;;;;;;;;;;;;;;;;;;;;;;;;;1;726
726;;;;;;;;;;;;;;;;;;;;;;;;;1;727
727;;;;;;;;;;;;;;;;;;;;;;;;;1;728
728;;;;;;;;;;;;;;;;;;;;;;;;;1;729
729;;;;;;;;;;;;;;;;;;;;;;;;;1;730
730;;;;;;;;;;;;;;;;;;;;;;;;;1;731
731;;;;;;;;;;;;;;;;;;;;;;;;;1;732
732;;;;;;;;;;;;;;;;;;;;;;;;;1;733
733;;;;;;;;;;;;;;;;;;;;;;;;;1;734
734;;;;;;;;;;;;;;;;;;;;;;;;;1;735
735;;;;;;;;;;;;;;;;;;;;;;;;;1;736
736;;;;;;;;;;;;;;;;;;;;;;;;;1;737
737;;;;;;;;;;;;;;;;;;;;;;;;;1;738
738;;;;;;;;;;;;;;;;;;;;;;;;;1;739
739;;;;;;;;;;;;;;;;;;;;;;;;;1;740
740;;;;;;;;;;;;;;;;;;;;;;;;;1;741
741;;;;;;;;;;;;;;;;;;;;;;;;;1;742
742;;;;;;;;;;;;;;;;;;;;;;;;;1;743
743;Now executing Pick up;;"{""content"": ""Now executing Pick up"", ""from_id"": ""human_selector"", ""to_id"": ""robot"", ""message_id"": ""1e76b07566a070ba204675b2b11b1f1""}";;Now executing Pick up;;;Now executing Pick up;;;Now executing Pick up;;;Now executing Pick up;;;Now executing Pick up;;;Now executing Pick up;;;Now executing Pick up;;1;744
744;;;;;;;;;;;;;;;;;;;;;;;;;1;745
745;;;;;;;;;;;;;;;;;;;;;;;;;1;746
746;;;;;;;;;;;;;;;;;;;;;;;;;1;747
747;;;;;;;;;;;;;;;;;;;;;;;;;1;748
748;;;;;;;;;;;;;;;;;;;;;;;;;1;749
749;;;;;;;;;;;;;;;;;;;;;;;;;1;750
750;;;;;;;;;;;;;;;;;;;;;;;;;1;751
751;;;;;;;;;;;;;;;;;;;;;;;;;1;752
752;;;;;;;;;;;;;;;;;;;;;;;;;1;753
753;;;;;;;;;;;;;;;;;;;;;;;;;1;754
754;;;;;;;;;;;;;;;;;;;;;;;;;1;755
755;;;;;;;;;;;;;;;;;;;;;;;;;1;756
756;;;;;;;;;;;;;;;;;;;;;;;;;1;757
757;;;;;;;;;;;;;;;;;;;;;;;;;1;758
758;;;;;;;;;;;;;;;;;;;;;;;;;1;759
759;;;;;;;;;;;;;;;;;;;;;;;;;1;760
760;;;;;;;;;;;;;;;;;;;;;;;;;1;761
761;;;;;;;;;;;;;;;;;;;;;;;;;1;762
762;;;;;;;;;;;;;;;;;;;;;;;;;1;763
763;;;;;;;;;;;;;;;;;;;;;;;;;1;764
764;;;;;;;;;;;;;;;;;;;;;;;;;1;765
765;Now executing Drop;;"{""content"": ""Now executing Drop"", ""from_id"": ""human_selector"", ""to_id"": ""robot"", ""message_id"": ""bd442ebc215a0b1c980d81ebca83dc01""}";;Now executing Drop;;;Now executing Drop;;;Now executing Drop;;;Now executing Drop;;;Now executing Drop;;;Now executing Drop;;;Now executing Drop;;1;766
766;;;;;;;;;;;;;;;;;;;;;;;;;1;767
767;;;;;;;;;;;;;;;;;;;;;;;;;1;768
768;;;;;;;;;;;;;;;;;;;;;;;;;1;769
769;;;;;;;;;;;;;;;;;;;;;;;;;1;770
770;;;;;;;;;;;;;;;;;;;;;;;;;1;771
771;;;;;;;;;;;;;;;;;;;;;;;;;1;772
772;;;;;;;;;;;;;;;;;;;;;;;;;1;773
773;;;;;;;;;;;;;;;;;;;;;;;;;1;774
774;;;;;;;;;;;;;;;;;;;;;;;;;1;775
775;;;;;;;;;;;;;;;;;;;;;;;;;1;776
776;;;;;;;;;;;;;;;;;;;;;;;;;1;777
777;;;;;;;;;;;;;;;;;;;;;;;;;1;778
778;;;;;;;;;;;;;;;;;;;;;;;;;1;779
779;;;;;;;;;;;;;;;;;;;;;;;;;1;780
780;;;;;;;;;;;;;;;;;;;;;;;;;1;781
781;;;;;;;;;;;;;;;;;;;;;;;;;1;782
782;;;;;;;;;;;;;;;;;;;;;;;;;1;783
783;;;;;;;;;;;;;;;;;;;;;;;;;1;784
784;;Now executing Pick up a large rock at Top of rock pile;;;Now executing Pick up a large rock at Top of rock pile;;;Now executing Pick up a large rock at Top of rock pile;;;Now executing Pick up a large rock at Top of rock pile;;;Now executing Pick up a large rock at Top of rock pile;;;Now executing Pick up a large rock at Top of rock pile;;;Now executing Pick up a large rock at Top of rock pile;;Now executing Pick up a large rock at Top of rock pile;;"{""content"": ""Now executing Pick up a large rock at Top of rock pile"", ""from_id"": ""robot"", ""to_id"": ""ontologygod"", ""message_id"": ""64cd4f597c5fe5c2506a1f74475cfaf9""}";1;785
785;;;;;;;;;;;;;;;;;;;;;;;;;1;786
786;;;;;;;;;;;;;;;;;;;;;;;;;1;787
787;;;;;;;;;;;;;;;;;;;;;;;;;1;788
788;;;;;;;;;;;;;;;;;;;;;;;;;1;789
789;{'past_action': ['Move back and forth', ['Left side of field']]};;"{""content"": {""past_action"": [""Move back and forth"", [""Left side of field""]]}, ""from_id"": ""human_selector"", ""to_id"": ""robot"", ""message_id"": ""9d391f737f49d1a8670f5671bffa92e3""}";;{'past_action': ['Move back and forth', ['Left side of field']]};;;{'past_action': ['Move back and forth', ['Left side of field']]};;;{'past_action': ['Move back and forth', ['Left side of field']]};;;{'past_action': ['Move back and forth', ['Left side of field']]};;;{'past_action': ['Move back and forth', ['Left side of field']]};;;{'past_action': ['Move back and forth', ['Left side of field']]};;;{'past_action': ['Move back and forth', ['Left side of field']]};;1;790
790;;;;;;;;;;;;;;;;;;;;;;;;;1;791
791;;;;;;;;;;;;;;;;;;;;;;;;;1;792
792;;;;;;;;;;;;;;;;;;;;;;;;;1;793
793;;;;;;;;;;;;;;;;;;;;;;;;;1;794
794;;;;;;;;;;;;;;;;;;;;;;;;;1;795
795;;I will stop following the Collaboration Pattern Pick up top rock;;;I will stop following the Collaboration Pattern Pick up top rock;;;I will stop following the Collaboration Pattern Pick up top rock;;;I will stop following the Collaboration Pattern Pick up top rock;;;I will stop following the Collaboration Pattern Pick up top rock;;;I will stop following the Collaboration Pattern Pick up top rock;;;I will stop following the Collaboration Pattern Pick up top rock;;I will stop following the Collaboration Pattern Pick up top rock;;"{""content"": ""I will stop following the Collaboration Pattern Pick up top rock"", ""from_id"": ""robot"", ""to_id"": ""ontologygod"", ""message_id"": ""3a8b5f3a75f495a5642b71f2bbb48914""}";1;796
796;;;;;;;;;;;;;;;;;;;;;;;;;1;797
797;;;;;;;;;;;;;;;;;;;;;;;;;1;798
798;;;;;;;;;;;;;;;;;;;;;;;;;1;799
799;;;;;;;;;;;;;;;;;;;;;;;;;1;800
800;;;;;;;;;;;;;;;;;;;;;;;;;1;801
801;;;;;;;;;;;;;;;;;;;;;;;;;1;802
802;;;;;;;;;;;;;;;;;;;;;;;;;1;803
803;;;;;;;;;;;;;;;;;;;;;;;;;1;804
804;Now executing Pick up;;"{""content"": ""Now executing Pick up"", ""from_id"": ""human_selector"", ""to_id"": ""robot"", ""message_id"": ""ebe8118ffdddad63cf7a98bce6f7083a""}";;Now executing Pick up;;;Now executing Pick up;;;Now executing Pick up;;;Now executing Pick up;;;Now executing Pick up;;;Now executing Pick up;;;Now executing Pick up;;1;805
805;;;;;;;;;;;;;;;;;;;;;;;;;1;806
806;;;;;;;;;;;;;;;;;;;;;;;;;1;807
807;;;;;;;;;;;;;;;;;;;;;;;;;1;808
808;;;;;;;;;;;;;;;;;;;;;;;;;1;809
809;;;;;;;;;;;;;;;;;;;;;;;;;1;810
810;;;;;;;;;;;;;;;;;;;;;;;;;1;811
811;;;;;;;;;;;;;;;;;;;;;;;;;1;812
812;;;;;;;;;;;;;;;;;;;;;;;;;1;813
813;;;;;;;;;;;;;;;;;;;;;;;;;1;814
814;;;;;;;;;;;;;;;;;;;;;;;;;1;815
815;;;;;;;;;;;;;;;;;;;;;;;;;1;816
816;;;;;;;;;;;;;;;;;;;;;;;;;1;817
817;;;;;;;;;;;;;;;;;;;;;;;;;1;818
818;;;;;;;;;;;;;;;;;;;;;;;;;1;819
819;;;;;;;;;;;;;;;;;;;;;;;;;1;820
820;;;;;;;;;;;;;;;;;;;;;;;;;1;821
821;;;;;;;;;;;;;;;;;;;;;;;;;1;822
822;;;;;;;;;;;;;;;;;;;;;;;;;1;823
823;;;;;;;;;;;;;;;;;;;;;;;;;1;824
824;;;;;;;;;;;;;;;;;;;;;;;;;1;825
825;;;;;;;;;;;;;;;;;;;;;;;;;1;826
826;;;;;;;;;;;;;;;;;;;;;;;;;1;827
827;;;;;;;;;;;;;;;;;;;;;;;;;1;828
828;;;;;;;;;;;;;;;;;;;;;;;;;1;829
829;;;;;;;;;;;;;;;;;;;;;;;;;1;830
830;;;;;;;;;;;;;;;;;;;;;;;;;1;831
831;;;;;;;;;;;;;;;;;;;;;;;;;1;832
832;;;;;;;;;;;;;;;;;;;;;;;;;1;833
833;;;;;;;;;;;;;;;;;;;;;;;;;1;834
834;;;;;;;;;;;;;;;;;;;;;;;;;1;835
835;;;;;;;;;;;;;;;;;;;;;;;;;1;836
836;;;;;;;;;;;;;;;;;;;;;;;;;1;837
837;;;;;;;;;;;;;;;;;;;;;;;;;1;838
838;;;;;;;;;;;;;;;;;;;;;;;;;1;839
839;Now executing Drop;;"{""content"": ""Now executing Drop"", ""from_id"": ""human_selector"", ""to_id"": ""robot"", ""message_id"": ""2593446469fd366d0fff829ad49b97fb""}";;Now executing Drop;;;Now executing Drop;;;Now executing Drop;;;Now executing Drop;;;Now executing Drop;;;Now executing Drop;;;Now executing Drop;;1;840
840;;;;;;;;;;;;;;;;;;;;;;;;;1;841
841;;;;;;;;;;;;;;;;;;;;;;;;;1;842
842;;;;;;;;;;;;;;;;;;;;;;;;;1;843
843;;;;;;;;;;;;;;;;;;;;;;;;;1;844
844;;;;;;;;;;;;;;;;;;;;;;;;;1;845
845;;;;;;;;;;;;;;;;;;;;;;;;;1;846
846;;;;;;;;;;;;;;;;;;;;;;;;;1;847
847;;;;;;;;;;;;;;;;;;;;;;;;;1;848
848;;;;;;;;;;;;;;;;;;;;;;;;;1;849
849;;;;;;;;;;;;;;;;;;;;;;;;;1;850
850;;;;;;;;;;;;;;;;;;;;;;;;;1;851
851;;;;;;;;;;;;;;;;;;;;;;;;;1;852
852;;;;;;;;;;;;;;;;;;;;;;;;;1;853
853;;;;;;;;;;;;;;;;;;;;;;;;;1;854
854;;;;;;;;;;;;;;;;;;;;;;;;;1;855
855;;;;;;;;;;;;;;;;;;;;;;;;;1;856
856;;;;;;;;;;;;;;;;;;;;;;;;;1;857
857;;;;;;;;;;;;;;;;;;;;;;;;;1;858
858;;;;;;;;;;;;;;;;;;;;;;;;;1;859
859;;;;;;;;;;;;;;;;;;;;;;;;;1;860
860;;;;;;;;;;;;;;;;;;;;;;;;;1;861
861;;;;;;;;;;;;;;;;;;;;;;;;;1;862
862;;;;;;;;;;;;;;;;;;;;;;;;;1;863
863;;Now executing Drop;;;Now executing Drop;;;Now executing Drop;;;Now executing Drop;;;Now executing Drop;;;Now executing Drop;;;Now executing Drop;;Now executing Drop;;"{""content"": ""Now executing Drop"", ""from_id"": ""robot"", ""to_id"": ""ontologygod"", ""message_id"": ""333fd5c0e40dacdfe676412337c06039""}";1;864
864;;;;;;;;;;;;;;;;;;;;;;;;;1;865
865;;;;;;;;;;;;;;;;;;;;;;;;;1;866
866;;;;;;;;;;;;;;;;;;;;;;;;;1;867
867;{'past_action': ['Move back and forth', ['Left side of rock pile', 'On top of Small rock', 'Top of rock pile', 'Bottom of rock pile']]};;"{""content"": {""past_action"": [""Move back and forth"", [""Left side of rock pile"", ""On top of Small rock"", ""Top of rock pile"", ""Bottom of rock pile""]]}, ""from_id"": ""human_selector"", ""to_id"": ""robot"", ""message_id"": ""193fdd33d3d7ea5f7a8a3efcfa0c06ff""}";;{'past_action': ['Move back and forth', ['Left side of rock pile', 'On top of Small rock', 'Top of rock pile', 'Bottom of rock pile']]};;;{'past_action': ['Move back and forth', ['Left side of rock pile', 'On top of Small rock', 'Top of rock pile', 'Bottom of rock pile']]};;;{'past_action': ['Move back and forth', ['Left side of rock pile', 'On top of Small rock', 'Top of rock pile', 'Bottom of rock pile']]};;;{'past_action': ['Move back and forth', ['Left side of rock pile', 'On top of Small rock', 'Top of rock pile', 'Bottom of rock pile']]};;;{'past_action': ['Move back and forth', ['Left side of rock pile', 'On top of Small rock', 'Top of rock pile', 'Bottom of rock pile']]};;;{'past_action': ['Move back and forth', ['Left side of rock pile', 'On top of Small rock', 'Top of rock pile', 'Bottom of rock pile']]};;;{'past_action': ['Move back and forth', ['Left side of rock pile', 'On top of Small rock', 'Top of rock pile', 'Bottom of rock pile']]};;1;868
868;;;;;;;;;;;;;;;;;;;;;;;;;1;869
869;;;;;;;;;;;;;;;;;;;;;;;;;1;870
870;;;;;;;;;;;;;;;;;;;;;;;;;1;871
871;;;;;;;;;;;;;;;;;;;;;;;;;1;872
872;;;;;;;;;;;;;;;;;;;;;;;;;1;873
873;;;;;;;;;;;;;;;;;;;;;;;;;1;874
874;;;;;;;;;;;;;;;;;;;;;;;;;1;875
875;;;;;;;;;;;;;;;;;;;;;;;;;1;876
876;;;;;;;;;;;;;;;;;;;;;;;;;1;877
877;;;;;;;;;;;;;;;;;;;;;;;;;1;878
878;;;;;;;;;;;;;;;;;;;;;;;;;1;879
879;Now executing Pick up;;"{""content"": ""Now executing Pick up"", ""from_id"": ""human_selector"", ""to_id"": ""robot"", ""message_id"": ""b58663bf7011e430edfbd6385799e60b""}";;Now executing Pick up;;;Now executing Pick up;;;Now executing Pick up;;;Now executing Pick up;;;Now executing Pick up;;;Now executing Pick up;;;Now executing Pick up;;1;880
880;;;;;;;;;;;;;;;;;;;;;;;;;1;881
881;;;;;;;;;;;;;;;;;;;;;;;;;1;882
882;;;;;;;;;;;;;;;;;;;;;;;;;1;883
883;;;;;;;;;;;;;;;;;;;;;;;;;1;884
884;;;;;;;;;;;;;;;;;;;;;;;;;1;885
885;;;;;;;;;;;;;;;;;;;;;;;;;1;886
886;;;;;;;;;;;;;;;;;;;;;;;;;1;887
887;;;;;;;;;;;;;;;;;;;;;;;;;1;888
888;;;;;;;;;;;;;;;;;;;;;;;;;1;889
889;;;;;;;;;;;;;;;;;;;;;;;;;1;890
890;;;;;;;;;;;;;;;;;;;;;;;;;1;891
891;;;;;;;;;;;;;;;;;;;;;;;;;1;892
892;;;;;;;;;;;;;;;;;;;;;;;;;1;893
893;;;;;;;;;;;;;;;;;;;;;;;;;1;894
894;;;;;;;;;;;;;;;;;;;;;;;;;1;895
895;;;;;;;;;;;;;;;;;;;;;;;;;1;896
896;;;;;;;;;;;;;;;;;;;;;;;;;1;897
897;;;;;;;;;;;;;;;;;;;;;;;;;1;898
898;;;;;;;;;;;;;;;;;;;;;;;;;1;899
899;;;;;;;;;;;;;;;;;;;;;;;;;1;900
900;Now executing Drop;;"{""content"": ""Now executing Drop"", ""from_id"": ""human_selector"", ""to_id"": ""robot"", ""message_id"": ""f508b6d99d91e252c98cf926f83d8367""}";;Now executing Drop;;;Now executing Drop;;;Now executing Drop;;;Now executing Drop;;;Now executing Drop;;;Now executing Drop;;;Now executing Drop;;1;901
901;;;;;;;;;;;;;;;;;;;;;;;;;1;902
902;;;;;;;;;;;;;;;;;;;;;;;;;1;903
903;;;;;;;;;;;;;;;;;;;;;;;;;1;904
904;;;;;;;;;;;;;;;;;;;;;;;;;1;905
905;;;;;;;;;;;;;;;;;;;;;;;;;1;906
906;;;;;;;;;;;;;;;;;;;;;;;;;1;907
907;;;;;;;;;;;;;;;;;;;;;;;;;1;908
908;;;;;;;;;;;;;;;;;;;;;;;;;1;909
909;;;;;;;;;;;;;;;;;;;;;;;;;1;910
910;;;;;;;;;;;;;;;;;;;;;;;;;1;911
911;;;;;;;;;;;;;;;;;;;;;;;;;1;912
912;;;;;;;;;;;;;;;;;;;;;;;;;1;913
913;;;;;;;;;;;;;;;;;;;;;;;;;1;914
914;;;;;;;;;;;;;;;;;;;;;;;;;1;915
915;;;;;;;;;;;;;;;;;;;;;;;;;1;916
916;;;;;;;;;;;;;;;;;;;;;;;;;1;917
917;;;;;;;;;;;;;;;;;;;;;;;;;1;918
918;;;;;;;;;;;;;;;;;;;;;;;;;1;919
919;;;;;;;;;;;;;;;;;;;;;;;;;1;920
920;;;;;;;;;;;;;;;;;;;;;;;;;1;921
921;;;;;;;;;;;;;;;;;;;;;;;;;1;922
922;;;;;;;;;;;;;;;;;;;;;;;;;1;923
923;;;;;;;;;;;;;;;;;;;;;;;;;1;924
924;;;;;;;;;;;;;;;;;;;;;;;;;1;925
925;;;;;;;;;;;;;;;;;;;;;;;;;1;926
926;;;;;;;;;;;;;;;;;;;;;;;;;1;927
927;;;;;;;;;;;;;;;;;;;;;;;;;1;928
928;;;;;;;;;;;;;;;;;;;;;;;;;1;929
929;;;;;;;;;;;;;;;;;;;;;;;;;1;930
930;;;;;;;;;;;;;;;;;;;;;;;;;1;931
931;;;;;;;;;;;;;;;;;;;;;;;;;1;932
932;;;;;;;;;;;;;;;;;;;;;;;;;1;933
933;;;;;;;;;;;;;;;;;;;;;;;;;1;934
934;Now executing Pick up;;"{""content"": ""Now executing Pick up"", ""from_id"": ""human_selector"", ""to_id"": ""robot"", ""message_id"": ""3e44553f5c62c5bc37009e36567c9410""}";;Now executing Pick up;;;Now executing Pick up;;;Now executing Pick up;;;Now executing Pick up;;;Now executing Pick up;;;Now executing Pick up;;;Now executing Pick up;;1;935
935;;;;;;;;;;;;;;;;;;;;;;;;;1;936
936;;;;;;;;;;;;;;;;;;;;;;;;;1;937
937;;;;;;;;;;;;;;;;;;;;;;;;;1;938
938;;;;;;;;;;;;;;;;;;;;;;;;;1;939
939;;;;;;;;;;;;;;;;;;;;;;;;;1;940
940;;;;;;;;;;;;;;;;;;;;;;;;;1;941
941;;;;;;;;;;;;;;;;;;;;;;;;;1;942
942;;;;;;;;;;;;;;;;;;;;;;;;;1;943
943;;;;;;;;;;;;;;;;;;;;;;;;;1;944
944;;;;;;;;;;;;;;;;;;;;;;;;;1;945
945;;;;;;;;;;;;;;;;;;;;;;;;;1;946
946;;;;;;;;;;;;;;;;;;;;;;;;;1;947
947;;;;;;;;;;;;;;;;;;;;;;;;;1;948
948;;;;;;;;;;;;;;;;;;;;;;;;;1;949
949;;;;;;;;;;;;;;;;;;;;;;;;;1;950
950;;;;;;;;;;;;;;;;;;;;;;;;;1;951
951;;;;;;;;;;;;;;;;;;;;;;;;;1;952
952;;;;;;;;;;;;;;;;;;;;;;;;;1;953
953;;;;;;;;;;;;;;;;;;;;;;;;;1;954
954;;;;;;;;;;;;;;;;;;;;;;;;;1;955
955;;;;;;;;;;;;;;;;;;;;;;;;;1;956
956;;;;;;;;;;;;;;;;;;;;;;;;;1;957
957;;;;;;;;;;;;;;;;;;;;;;;;;1;958
958;;;;;;;;;;;;;;;;;;;;;;;;;1;959
959;;;;;;;;;;;;;;;;;;;;;;;;;1;960
960;;;;;;;;;;;;;;;;;;;;;;;;;1;961
961;;;;;;;;;;;;;;;;;;;;;;;;;1;962
962;;;;;;;;;;;;;;;;;;;;;;;;;1;963
963;;;;;;;;;;;;;;;;;;;;;;;;;1;964
964;;;;;;;;;;;;;;;;;;;;;;;;;1;965
965;;;;;;;;;;;;;;;;;;;;;;;;;1;966
966;;;;;;;;;;;;;;;;;;;;;;;;;1;967
967;;;;;;;;;;;;;;;;;;;;;;;;;1;968
968;;;;;;;;;;;;;;;;;;;;;;;;;1;969
969;;;;;;;;;;;;;;;;;;;;;;;;;1;970
970;;;;;;;;;;;;;;;;;;;;;;;;;1;971
971;Now executing Drop;;"{""content"": ""Now executing Drop"", ""from_id"": ""human_selector"", ""to_id"": ""robot"", ""message_id"": ""ab5a72d983a971fe8df826812df8d3f""}";;Now executing Drop;;;Now executing Drop;;;Now executing Drop;;;Now executing Drop;;;Now executing Drop;;;Now executing Drop;;;Now executing Drop;;1;972
972;;;;;;;;;;;;;;;;;;;;;;;;;1;973
973;;;;;;;;;;;;;;;;;;;;;;;;;1;974
974;;;;;;;;;;;;;;;;;;;;;;;;;1;975
975;;;;;;;;;;;;;;;;;;;;;;;;;1;976
976;;;;;;;;;;;;;;;;;;;;;;;;;1;977
977;;;;;;;;;;;;;;;;;;;;;;;;;1;978
978;;;;;;;;;;;;;;;;;;;;;;;;;1;979
979;;;;;;;;;;;;;;;;;;;;;;;;;1;980
980;;;;;;;;;;;;;;;;;;;;;;;;;1;981
981;;;;;;;;;;;;;;;;;;;;;;;;;1;982
982;;;;;;;;;;;;;;;;;;;;;;;;;1;983
983;;;;;;;;;;;;;;;;;;;;;;;;;1;984
984;;;;;;;;;;;;;;;;;;;;;;;;;1;985
985;;;;;;;;;;;;;;;;;;;;;;;;;1;986
986;;;;;;;;;;;;;;;;;;;;;;;;;1;987
987;;;;;;;;;;;;;;;;;;;;;;;;;1;988
988;;;;;;;;;;;;;;;;;;;;;;;;;1;989
989;;;;;;;;;;;;;;;;;;;;;;;;;1;990
990;;;;;;;;;;;;;;;;;;;;;;;;;1;991
991;;;;;;;;;;;;;;;;;;;;;;;;;1;992
992;;;;;;;;;;;;;;;;;;;;;;;;;1;993
993;;;;;;;;;;;;;;;;;;;;;;;;;1;994
994;;;;;;;;;;;;;;;;;;;;;;;;;1;995
995;;;;;;;;;;;;;;;;;;;;;;;;;1;996
996;;Now executing Move back and forth;;;Now executing Move back and forth;;;Now executing Move back and forth;;;Now executing Move back and forth;;;Now executing Move back and forth;;;Now executing Move back and forth;;;Now executing Move back and forth;;Now executing Move back and forth;;"{""content"": ""Now executing Move back and forth"", ""from_id"": ""robot"", ""to_id"": ""ontologygod"", ""message_id"": ""e36c876e199e12beff28732355bd03f7""}";1;997
997;;;;;;;;;;;;;;;;;;;;;;;;;1;998
998;;;;;;;;;;;;;;;;;;;;;;;;;1;999
999;;;;;;;;;;;;;;;;;;;;;;;;;1;1000
1000;;;;;;;;;;;;;;;;;;;;;;;;;1;1001
1001;;;;;;;;;;;;;;;;;;;;;;;;;1;1002
1002;;;;;;;;;;;;;;;;;;;;;;;;;1;1003
1003;;;;;;;;;;;;;;;;;;;;;;;;;1;1004
1004;;;;;;;;;;;;;;;;;;;;;;;;;1;1005
1005;Now executing Pick up;;"{""content"": ""Now executing Pick up"", ""from_id"": ""human_selector"", ""to_id"": ""robot"", ""message_id"": ""e7f7cc177eb38ff484df17f358220e19""}";;Now executing Pick up;;;Now executing Pick up;;;Now executing Pick up;;;Now executing Pick up;;;Now executing Pick up;;;Now executing Pick up;;;Now executing Pick up;;1;1006
1006;;;;;;;;;;;;;;;;;;;;;;;;;1;1007
1007;;;;;;;;;;;;;;;;;;;;;;;;;1;1008
1008;;;;;;;;;;;;;;;;;;;;;;;;;1;1009
1009;;;;;;;;;;;;;;;;;;;;;;;;;1;1010
1010;;;;;;;;;;;;;;;;;;;;;;;;;1;1011
1011;;;;;;;;;;;;;;;;;;;;;;;;;1;1012
1012;;;;;;;;;;;;;;;;;;;;;;;;;1;1013
1013;;;;;;;;;;;;;;;;;;;;;;;;;1;1014
1014;;;;;;;;;;;;;;;;;;;;;;;;;1;1015
1015;;;;;;;;;;;;;;;;;;;;;;;;;1;1016
1016;;;;;;;;;;;;;;;;;;;;;;;;;1;1017
1017;;;;;;;;;;;;;;;;;;;;;;;;;1;1018
1018;;;;;;;;;;;;;;;;;;;;;;;;;1;1019
1019;;;;;;;;;;;;;;;;;;;;;;;;;1;1020
1020;;;;;;;;;;;;;;;;;;;;;;;;;1;1021
1021;;;;;;;;;;;;;;;;;;;;;;;;;1;1022
1022;;;;;;;;;;;;;;;;;;;;;;;;;1;1023
1023;;;;;;;;;;;;;;;;;;;;;;;;;1;1024
1024;;;;;;;;;;;;;;;;;;;;;;;;;1;1025
1025;;;;;;;;;;;;;;;;;;;;;;;;;1;1026
1026;;;;;;;;;;;;;;;;;;;;;;;;;1;1027
1027;Now executing Drop;;"{""content"": ""Now executing Drop"", ""from_id"": ""human_selector"", ""to_id"": ""robot"", ""message_id"": ""a63c1aac82498a3afa51eaa0e4ec48fb""}";;Now executing Drop;;;Now executing Drop;;;Now executing Drop;;;Now executing Drop;;;Now executing Drop;;;Now executing Drop;;;Now executing Drop;;1;1028
1028;;;;;;;;;;;;;;;;;;;;;;;;;1;1029
1029;;;;;;;;;;;;;;;;;;;;;;;;;1;1030
1030;;;;;;;;;;;;;;;;;;;;;;;;;1;1031
1031;;;;;;;;;;;;;;;;;;;;;;;;;1;1032
1032;;;;;;;;;;;;;;;;;;;;;;;;;1;1033
1033;;;;;;;;;;;;;;;;;;;;;;;;;1;1034
1034;;;;;;;;;;;;;;;;;;;;;;;;;1;1035
1035;;;;;;;;;;;;;;;;;;;;;;;;;1;1036
1036;;;;;;;;;;;;;;;;;;;;;;;;;1;1037
1037;;;;;;;;;;;;;;;;;;;;;;;;;1;1038
1038;;;;;;;;;;;;;;;;;;;;;;;;;1;1039
1039;;;;;;;;;;;;;;;;;;;;;;;;;1;1040
1040;;;;;;;;;;;;;;;;;;;;;;;;;1;1041
1041;;;;;;;;;;;;;;;;;;;;;;;;;1;1042
1042;;;;;;;;;;;;;;;;;;;;;;;;;1;1043
1043;;;;;;;;;;;;;;;;;;;;;;;;;1;1044
1044;;;;;;;;;;;;;;;;;;;;;;;;;1;1045
1045;;;;;;;;;;;;;;;;;;;;;;;;;1;1046
1046;;;;;;;;;;;;;;;;;;;;;;;;;1;1047
1047;;;;;;;;;;;;;;;;;;;;;;;;;1;1048
1048;;;;;;;;;;;;;;;;;;;;;;;;;1;1049
1049;;;;;;;;;;;;;;;;;;;;;;;;;1;1050
1050;;;;;;;;;;;;;;;;;;;;;;;;;1;1051
1051;;;;;;;;;;;;;;;;;;;;;;;;;1;1052
1052;;;;;;;;;;;;;;;;;;;;;;;;;1;1053
1053;;;;;;;;;;;;;;;;;;;;;;;;;1;1054
1054;;;;;;;;;;;;;;;;;;;;;;;;;1;1055
1055;;;;;;;;;;;;;;;;;;;;;;;;;1;1056
1056;;;;;;;;;;;;;;;;;;;;;;;;;1;1057
1057;;;;;;;;;;;;;;;;;;;;;;;;;1;1058
1058;;;;;;;;;;;;;;;;;;;;;;;;;1;1059
1059;;;;;;;;;;;;;;;;;;;;;;;;;1;1060
1060;;;;;;;;;;;;;;;;;;;;;;;;;1;1061
1061;;;;;;;;;;;;;;;;;;;;;;;;;1;1062
1062;;;;;;;;;;;;;;;;;;;;;;;;;1;1063
1063;;;;;;;;;;;;;;;;;;;;;;;;;1;1064
1064;;;;;;;;;;;;;;;;;;;;;;;;;1;1065
1065;;;;;;;;;;;;;;;;;;;;;;;;;1;1066
1066;;;;;;;;;;;;;;;;;;;;;;;;;1;1067
1067;;;;;;;;;;;;;;;;;;;;;;;;;1;1068
1068;;;;;;;;;;;;;;;;;;;;;;;;;1;1069
1069;;;;;;;;;;;;;;;;;;;;;;;;;1;1070
1070;;;;;;;;;;;;;;;;;;;;;;;;;1;1071
1071;;;;;;;;;;;;;;;;;;;;;;;;;1;1072
1072;;;;;;;;;;;;;;;;;;;;;;;;;1;1073
1073;;;;;;;;;;;;;;;;;;;;;;;;;1;1074
1074;;;;;;;;;;;;;;;;;;;;;;;;;1;1075
1075;;;;;;;;;;;;;;;;;;;;;;;;;1;1076
1076;;;;;;;;;;;;;;;;;;;;;;;;;1;1077
1077;;;;;;;;;;;;;;;;;;;;;;;;;1;1078
1078;;;;;;;;;;;;;;;;;;;;;;;;;1;1079
1079;;;;;;;;;;;;;;;;;;;;;;;;;1;1080
1080;;;;;;;;;;;;;;;;;;;;;;;;;1;1081
1081;;;;;;;;;;;;;;;;;;;;;;;;;1;1082
1082;;;;;;;;;;;;;;;;;;;;;;;;;1;1083
1083;;;;;;;;;;;;;;;;;;;;;;;;;1;1084
1084;;;;;;;;;;;;;;;;;;;;;;;;;1;1085
1085;;;;;;;;;;;;;;;;;;;;;;;;;1;1086
1086;;;;;;;;;;;;;;;;;;;;;;;;;1;1087
1087;;;;;;;;;;;;;;;;;;;;;;;;;1;1088
1088;;;;;;;;;;;;;;;;;;;;;;;;;1;1089
1089;;;;;;;;;;;;;;;;;;;;;;;;;1;1090
1090;;;;;;;;;;;;;;;;;;;;;;;;;1;1091
1091;;;;;;;;;;;;;;;;;;;;;;;;;1;1092
1092;;;;;;;;;;;;;;;;;;;;;;;;;1;1093
1093;;;;;;;;;;;;;;;;;;;;;;;;;1;1094
1094;Now executing Pick up;;"{""content"": ""Now executing Pick up"", ""from_id"": ""human_selector"", ""to_id"": ""robot"", ""message_id"": ""1fea1d6d44f090c3c93ff97e338a270""}";;Now executing Pick up;;;Now executing Pick up;;;Now executing Pick up;;;Now executing Pick up;;;Now executing Pick up;;;Now executing Pick up;;;Now executing Pick up;;1;1095
1095;;;;;;;;;;;;;;;;;;;;;;;;;1;1096
1096;;I will now follow the Collaboration Pattern Pick up top rock.;;;I will now follow the Collaboration Pattern Pick up top rock.;;;I will now follow the Collaboration Pattern Pick up top rock.;;;I will now follow the Collaboration Pattern Pick up top rock.;;;I will now follow the Collaboration Pattern Pick up top rock.;;;I will now follow the Collaboration Pattern Pick up top rock.;;;I will now follow the Collaboration Pattern Pick up top rock.;;I will now follow the Collaboration Pattern Pick up top rock.;;"{""content"": ""I will now follow the Collaboration Pattern Pick up top rock."", ""from_id"": ""robot"", ""to_id"": ""ontologygod"", ""message_id"": ""2eddf33020ee1236fe67ea86f6b5e216""}";1;1097
1097;;;;;;;;;;;;;;;;;;;;;;;;;1;1098
1098;;;;;;;;;;;;;;;;;;;;;;;;;1;1099
1099;;;;;;;;;;;;;;;;;;;;;;;;;1;1100
1100;;;;;;;;;;;;;;;;;;;;;;;;;1;1101
1101;;;;;;;;;;;;;;;;;;;;;;;;;1;1102
1102;;;;;;;;;;;;;;;;;;;;;;;;;1;1103
1103;;;;;;;;;;;;;;;;;;;;;;;;;1;1104
1104;;;;;;;;;;;;;;;;;;;;;;;;;1;1105
1105;;;;;;;;;;;;;;;;;;;;;;;;;1;1106
1106;;;;;;;;;;;;;;;;;;;;;;;;;1;1107
1107;;;;;;;;;;;;;;;;;;;;;;;;;1;1108
1108;;;;;;;;;;;;;;;;;;;;;;;;;1;1109
1109;;;;;;;;;;;;;;;;;;;;;;;;;1;1110
1110;;;;;;;;;;;;;;;;;;;;;;;;;1;1111
1111;;;;;;;;;;;;;;;;;;;;;;;;;1;1112
1112;;;;;;;;;;;;;;;;;;;;;;;;;1;1113
1113;Now executing Drop;;"{""content"": ""Now executing Drop"", ""from_id"": ""human_selector"", ""to_id"": ""robot"", ""message_id"": ""13ac2cfa1b27f3bea7dd5aa57aab73b7""}";;Now executing Drop;;;Now executing Drop;;;Now executing Drop;;;Now executing Drop;;;Now executing Drop;;;Now executing Drop;;;Now executing Drop;;1;1114
1114;;;;;;;;;;;;;;;;;;;;;;;;;1;1115
1115;;;;;;;;;;;;;;;;;;;;;;;;;1;1116
1116;;;;;;;;;;;;;;;;;;;;;;;;;1;1117
1117;;;;;;;;;;;;;;;;;;;;;;;;;1;1118
1118;;;;;;;;;;;;;;;;;;;;;;;;;1;1119
1119;;;;;;;;;;;;;;;;;;;;;;;;;1;1120
1120;;;;;;;;;;;;;;;;;;;;;;;;;1;1121
1121;;;;;;;;;;;;;;;;;;;;;;;;;1;1122
1122;;;;;;;;;;;;;;;;;;;;;;;;;1;1123
1123;;;;;;;;;;;;;;;;;;;;;;;;;1;1124
1124;;;;;;;;;;;;;;;;;;;;;;;;;1;1125
1125;;;;;;;;;;;;;;;;;;;;;;;;;1;1126
1126;;;;;;;;;;;;;;;;;;;;;;;;;1;1127
1127;;;;;;;;;;;;;;;;;;;;;;;;;1;1128
1128;;;;;;;;;;;;;;;;;;;;;;;;;1;1129
1129;;;;;;;;;;;;;;;;;;;;;;;;;1;1130
1130;;;;;;;;;;;;;;;;;;;;;;;;;1;1131
1131;;;;;;;;;;;;;;;;;;;;;;;;;1;1132
1132;;Now executing Pick up a large rock at Top of rock pile;;;Now executing Pick up a large rock at Top of rock pile;;;Now executing Pick up a large rock at Top of rock pile;;;Now executing Pick up a large rock at Top of rock pile;;;Now executing Pick up a large rock at Top of rock pile;;;Now executing Pick up a large rock at Top of rock pile;;;Now executing Pick up a large rock at Top of rock pile;;Now executing Pick up a large rock at Top of rock pile;;"{""content"": ""Now executing Pick up a large rock at Top of rock pile"", ""from_id"": ""robot"", ""to_id"": ""ontologygod"", ""message_id"": ""e2fee0e05b08604e858fdf3165782b10""}";1;1133
1133;;;;;;;;;;;;;;;;;;;;;;;;;1;1134
1134;;;;;;;;;;;;;;;;;;;;;;;;;1;1135
1135;;;;;;;;;;;;;;;;;;;;;;;;;1;1136
1136;;;;;;;;;;;;;;;;;;;;;;;;;1;1137
1137;;;;;;;;;;;;;;;;;;;;;;;;;1;1138
1138;;;;;;;;;;;;;;;;;;;;;;;;;1;1139
1139;;;;;;;;;;;;;;;;;;;;;;;;;1;1140
1140;;;;;;;;;;;;;;;;;;;;;;;;;1;1141
1141;;;;;;;;;;;;;;;;;;;;;;;;;1;1142
1142;;;;;;;;;;;;;;;;;;;;;;;;;1;1143
1143;;I will stop following the Collaboration Pattern Pick up top rock;;;I will stop following the Collaboration Pattern Pick up top rock;;;I will stop following the Collaboration Pattern Pick up top rock;;;I will stop following the Collaboration Pattern Pick up top rock;;;I will stop following the Collaboration Pattern Pick up top rock;;;I will stop following the Collaboration Pattern Pick up top rock;;;I will stop following the Collaboration Pattern Pick up top rock;;I will stop following the Collaboration Pattern Pick up top rock;;"{""content"": ""I will stop following the Collaboration Pattern Pick up top rock"", ""from_id"": ""robot"", ""to_id"": ""ontologygod"", ""message_id"": ""a9ce2e29ae4289af941b7aaeef1c7a38""}";1;1144
1144;;;;;;;;;;;;;;;;;;;;;;;;;1;1145
1145;;;;;;;;;;;;;;;;;;;;;;;;;1;1146
1146;;;;;;;;;;;;;;;;;;;;;;;;;1;1147
1147;;;;;;;;;;;;;;;;;;;;;;;;;1;1148
1148;;;;;;;;;;;;;;;;;;;;;;;;;1;1149
1149;;;;;;;;;;;;;;;;;;;;;;;;;1;1150
1150;;;;;;;;;;;;;;;;;;;;;;;;;1;1151
1151;;;;;;;;;;;;;;;;;;;;;;;;;1;1152
1152;;;;;;;;;;;;;;;;;;;;;;;;;1;1153
1153;;;;;;;;;;;;;;;;;;;;;;;;;1;1154
1154;;;;;;;;;;;;;;;;;;;;;;;;;1;1155
1155;;;;;;;;;;;;;;;;;;;;;;;;;1;1156
1156;;;;;;;;;;;;;;;;;;;;;;;;;1;1157
1157;;;;;;;;;;;;;;;;;;;;;;;;;1;1158
1158;;;;;;;;;;;;;;;;;;;;;;;;;1;1159
1159;;;;;;;;;;;;;;;;;;;;;;;;;1;1160
1160;;;;;;;;;;;;;;;;;;;;;;;;;1;1161
1161;;;;;;;;;;;;;;;;;;;;;;;;;1;1162
1162;;;;;;;;;;;;;;;;;;;;;;;;;1;1163
1163;;;;;;;;;;;;;;;;;;;;;;;;;1;1164
1164;;;;;;;;;;;;;;;;;;;;;;;;;1;1165
1165;;;;;;;;;;;;;;;;;;;;;;;;;1;1166
1166;;;;;;;;;;;;;;;;;;;;;;;;;1;1167
1167;;;;;;;;;;;;;;;;;;;;;;;;;1;1168
1168;;;;;;;;;;;;;;;;;;;;;;;;;1;1169
1169;;;;;;;;;;;;;;;;;;;;;;;;;1;1170
1170;;;;;;;;;;;;;;;;;;;;;;;;;1;1171
1171;;;;;;;;;;;;;;;;;;;;;;;;;1;1172
1172;;;;;;;;;;;;;;;;;;;;;;;;;1;1173
1173;;;;;;;;;;;;;;;;;;;;;;;;;1;1174
1174;;;;;;;;;;;;;;;;;;;;;;;;;1;1175
1175;;;;;;;;;;;;;;;;;;;;;;;;;1;1176
1176;;;;;;;;;;;;;;;;;;;;;;;;;1;1177
1177;;;;;;;;;;;;;;;;;;;;;;;;;1;1178
1178;;;;;;;;;;;;;;;;;;;;;;;;;1;1179
1179;Now executing Pick up;;"{""content"": ""Now executing Pick up"", ""from_id"": ""human_selector"", ""to_id"": ""robot"", ""message_id"": ""24fc1d055ea1acbb2947fd7f4dc614f7""}";;Now executing Pick up;;;Now executing Pick up;;;Now executing Pick up;;;Now executing Pick up;;;Now executing Pick up;;;Now executing Pick up;;;Now executing Pick up;;1;1180
1180;;;;;;;;;;;;;;;;;;;;;;;;;1;1181
1181;;;;;;;;;;;;;;;;;;;;;;;;;1;1182
1182;;;;;;;;;;;;;;;;;;;;;;;;;1;1183
1183;;;;;;;;;;;;;;;;;;;;;;;;;1;1184
1184;;;;;;;;;;;;;;;;;;;;;;;;;1;1185
1185;;;;;;;;;;;;;;;;;;;;;;;;;1;1186
1186;;;;;;;;;;;;;;;;;;;;;;;;;1;1187
1187;;;;;;;;;;;;;;;;;;;;;;;;;1;1188
1188;;;;;;;;;;;;;;;;;;;;;;;;;1;1189
1189;;;;;;;;;;;;;;;;;;;;;;;;;1;1190
1190;;;;;;;;;;;;;;;;;;;;;;;;;1;1191
1191;;;;;;;;;;;;;;;;;;;;;;;;;1;1192
1192;;;;;;;;;;;;;;;;;;;;;;;;;1;1193
1193;;;;;;;;;;;;;;;;;;;;;;;;;1;1194
1194;;;;;;;;;;;;;;;;;;;;;;;;;1;1195
1195;;;;;;;;;;;;;;;;;;;;;;;;;1;1196
1196;;;;;;;;;;;;;;;;;;;;;;;;;1;1197
1197;;;;;;;;;;;;;;;;;;;;;;;;;1;1198
1198;;;;;;;;;;;;;;;;;;;;;;;;;1;1199
1199;;;;;;;;;;;;;;;;;;;;;;;;;1;1200
1200;;;;;;;;;;;;;;;;;;;;;;;;;1;1201
1201;;;;;;;;;;;;;;;;;;;;;;;;;1;1202
1202;;;;;;;;;;;;;;;;;;;;;;;;;1;1203
1203;;;;;;;;;;;;;;;;;;;;;;;;;1;1204
1204;;;;;;;;;;;;;;;;;;;;;;;;;1;1205
1205;;;;;;;;;;;;;;;;;;;;;;;;;1;1206
1206;;;;;;;;;;;;;;;;;;;;;;;;;1;1207
1207;;;;;;;;;;;;;;;;;;;;;;;;;1;1208
1208;;;;;;;;;;;;;;;;;;;;;;;;;1;1209
1209;;;;;;;;;;;;;;;;;;;;;;;;;1;1210
1210;;;;;;;;;;;;;;;;;;;;;;;;;1;1211
1211;;;;;;;;;;;;;;;;;;;;;;;;;1;1212
1212;Now executing Drop;;"{""content"": ""Now executing Drop"", ""from_id"": ""human_selector"", ""to_id"": ""robot"", ""message_id"": ""cc981545f180a69f48afbba187542bfe""}";;Now executing Drop;;;Now executing Drop;;;Now executing Drop;;;Now executing Drop;;;Now executing Drop;;;Now executing Drop;;;Now executing Drop;;1;1213
1213;;;;;;;;;;;;;;;;;;;;;;;;;1;1214
1214;;;;;;;;;;;;;;;;;;;;;;;;;1;1215
1215;;;;;;;;;;;;;;;;;;;;;;;;;1;1216
1216;;;;;;;;;;;;;;;;;;;;;;;;;1;1217
1217;;;;;;;;;;;;;;;;;;;;;;;;;1;1218
1218;;;;;;;;;;;;;;;;;;;;;;;;;1;1219
1219;;;;;;;;;;;;;;;;;;;;;;;;;1;1220
1220;;;;;;;;;;;;;;;;;;;;;;;;;1;1221
1221;;;;;;;;;;;;;;;;;;;;;;;;;1;1222
1222;;;;;;;;;;;;;;;;;;;;;;;;;1;1223
1223;;;;;;;;;;;;;;;;;;;;;;;;;1;1224
1224;;;;;;;;;;;;;;;;;;;;;;;;;1;1225
1225;;;;;;;;;;;;;;;;;;;;;;;;;1;1226
1226;;;;;;;;;;;;;;;;;;;;;;;;;1;1227
1227;;;;;;;;;;;;;;;;;;;;;;;;;1;1228
1228;;;;;;;;;;;;;;;;;;;;;;;;;1;1229
1229;;;;;;;;;;;;;;;;;;;;;;;;;1;1230
1230;;;;;;;;;;;;;;;;;;;;;;;;;1;1231
1231;;;;;;;;;;;;;;;;;;;;;;;;;1;1232
1232;;;;;;;;;;;;;;;;;;;;;;;;;1;1233
1233;;;;;;;;;;;;;;;;;;;;;;;;;1;1234
1234;;;;;;;;;;;;;;;;;;;;;;;;;1;1235
1235;;;;;;;;;;;;;;;;;;;;;;;;;1;1236
1236;;;;;;;;;;;;;;;;;;;;;;;;;1;1237
1237;;;;;;;;;;;;;;;;;;;;;;;;;1;1238
1238;;;;;;;;;;;;;;;;;;;;;;;;;1;1239
1239;;;;;;;;;;;;;;;;;;;;;;;;;1;1240
1240;;;;;;;;;;;;;;;;;;;;;;;;;1;1241
1241;;;;;;;;;;;;;;;;;;;;;;;;;1;1242
1242;;;;;;;;;;;;;;;;;;;;;;;;;1;1243
1243;;;;;;;;;;;;;;;;;;;;;;;;;1;1244
1244;;;;;;;;;;;;;;;;;;;;;;;;;1;1245
1245;;;;;;;;;;;;;;;;;;;;;;;;;1;1246
1246;;;;;;;;;;;;;;;;;;;;;;;;;1;1247
1247;;;;;;;;;;;;;;;;;;;;;;;;;1;1248
1248;;;;;;;;;;;;;;;;;;;;;;;;;1;1249
1249;;;;;;;;;;;;;;;;;;;;;;;;;1;1250
1250;;;;;;;;;;;;;;;;;;;;;;;;;1;1251
1251;;;;;;;;;;;;;;;;;;;;;;;;;1;1252
1252;;;;;;;;;;;;;;;;;;;;;;;;;1;1253
1253;Now executing Pick up;;"{""content"": ""Now executing Pick up"", ""from_id"": ""human_selector"", ""to_id"": ""robot"", ""message_id"": ""982824ac538464a34ff7c835deb5fbd8""}";;Now executing Pick up;;;Now executing Pick up;;;Now executing Pick up;;;Now executing Pick up;;;Now executing Pick up;;;Now executing Pick up;;;Now executing Pick up;;1;1254
1254;;;;;;;;;;;;;;;;;;;;;;;;;1;1255
1255;;;;;;;;;;;;;;;;;;;;;;;;;1;1256
1256;;;;;;;;;;;;;;;;;;;;;;;;;1;1257
1257;;;;;;;;;;;;;;;;;;;;;;;;;1;1258
1258;;;;;;;;;;;;;;;;;;;;;;;;;1;1259
1259;;;;;;;;;;;;;;;;;;;;;;;;;1;1260
1260;;;;;;;;;;;;;;;;;;;;;;;;;1;1261
1261;;;;;;;;;;;;;;;;;;;;;;;;;1;1262
1262;;;;;;;;;;;;;;;;;;;;;;;;;1;1263
1263;;;;;;;;;;;;;;;;;;;;;;;;;1;1264
1264;;;;;;;;;;;;;;;;;;;;;;;;;1;1265
1265;;;;;;;;;;;;;;;;;;;;;;;;;1;1266
1266;;;;;;;;;;;;;;;;;;;;;;;;;1;1267
1267;;;;;;;;;;;;;;;;;;;;;;;;;1;1268
1268;;;;;;;;;;;;;;;;;;;;;;;;;1;1269
1269;;;;;;;;;;;;;;;;;;;;;;;;;1;1270
1270;;;;;;;;;;;;;;;;;;;;;;;;;1;1271
1271;;;;;;;;;;;;;;;;;;;;;;;;;1;1272
1272;;;;;;;;;;;;;;;;;;;;;;;;;1;1273
1273;;;;;;;;;;;;;;;;;;;;;;;;;1;1274
