human_selector;human;machine;victim;gravitygod;rewardgod;ontologygod;robot;world_nr;tick_nr
1;1;1;1;1;1;1;1;1;0
0;1;1;0;0;1;1;1;1;1
1;1;1;0;0;1;1;1;1;2
1;1;1;0;0;1;1;1;1;3
1;1;1;0;0;1;1;0;1;4
1;1;1;0;0;1;1;0;1;5
1;1;1;0;0;1;1;0;1;6
1;1;1;0;0;1;1;0;1;7
1;1;1;0;0;1;1;0;1;8
1;1;1;0;0;1;1;0;1;9
1;1;1;0;0;1;1;0;1;10
1;1;1;0;0;1;1;0;1;11
1;1;1;0;0;1;1;0;1;12
1;1;1;0;0;1;1;0;1;13
1;1;1;0;0;1;1;0;1;14
1;1;1;0;0;1;1;0;1;15
0;1;1;0;0;1;1;0;1;16
1;1;1;0;0;1;1;0;1;17
1;1;1;0;0;1;1;0;1;18
1;1;1;0;0;1;1;0;1;19
1;1;1;0;0;1;1;0;1;20
1;1;1;0;0;1;1;0;1;21
1;1;1;0;0;1;1;0;1;22
1;1;1;0;0;1;1;0;1;23
1;1;1;0;0;1;1;0;1;24
1;1;1;0;0;1;1;0;1;25
1;1;1;0;0;1;1;0;1;26
1;1;1;0;0;1;1;0;1;27
1;1;1;0;0;1;1;0;1;28
1;1;1;0;0;1;1;0;1;29
1;1;1;0;0;1;1;0;1;30
1;1;1;0;0;1;1;0;1;31
1;1;1;0;0;1;1;0;1;32
1;1;1;0;0;1;1;0;1;33
1;1;1;0;0;1;1;0;1;34
1;1;1;0;0;1;1;0;1;35
1;1;1;0;0;1;1;0;1;36
1;1;1;0;0;1;1;0;1;37
1;1;1;0;0;1;1;0;1;38
0;1;1;0;0;1;1;0;1;39
1;1;1;0;0;1;1;0;1;40
1;1;1;0;0;1;1;0;1;41
1;1;1;0;0;1;1;0;1;42
1;1;1;0;0;1;1;0;1;43
1;1;1;0;0;1;1;0;1;44
1;1;1;0;0;1;1;0;1;45
0;1;1;0;0;1;1;0;1;46
1;1;1;0;0;1;1;0;1;47
1;1;1;0;0;1;1;0;1;48
1;1;1;0;0;1;1;0;1;49
1;1;1;0;0;1;1;0;1;50
1;1;1;0;0;1;1;0;1;51
1;1;1;0;0;1;1;0;1;52
1;1;1;0;0;1;1;0;1;53
0;1;1;0;0;1;1;0;1;54
1;1;1;0;0;1;1;0;1;55
1;1;1;0;0;1;1;0;1;56
1;1;1;0;0;1;1;0;1;57
1;1;1;0;0;1;1;0;1;58
1;1;1;0;0;1;1;0;1;59
1;1;1;0;0;1;1;0;1;60
1;1;1;0;0;1;1;0;1;61
1;1;1;0;0;1;1;0;1;62
1;1;1;0;0;1;1;0;1;63
0;1;1;0;0;1;1;0;1;64
0;1;1;0;0;1;1;0;1;65
1;1;1;0;0;1;1;0;1;66
1;1;1;0;0;1;1;0;1;67
1;1;1;0;0;1;1;0;1;68
0;1;1;0;0;1;1;0;1;69
1;1;1;0;0;1;1;1;1;70
1;1;1;0;0;1;1;1;1;71
1;1;1;0;0;1;1;1;1;72
1;1;1;0;0;1;1;0;1;73
1;1;1;0;0;1;1;0;1;74
1;1;1;0;0;1;1;0;1;75
1;1;1;0;0;1;1;0;1;76
1;1;1;0;0;1;1;0;1;77
0;1;1;0;0;1;1;0;1;78
0;1;1;0;0;1;1;0;1;79
1;1;1;0;0;1;1;0;1;80
1;1;1;0;0;1;1;0;1;81
1;1;1;0;0;1;1;0;1;82
1;1;1;0;0;1;1;0;1;83
1;1;1;0;0;1;1;0;1;84
1;1;1;0;0;1;1;0;1;85
1;1;1;0;0;1;1;0;1;86
1;1;1;0;0;1;1;0;1;87
1;1;1;0;0;1;1;0;1;88
0;1;1;0;0;1;1;0;1;89
0;1;1;0;0;1;1;0;1;90
0;1;1;0;0;1;1;0;1;91
0;1;1;0;0;1;1;0;1;92
0;1;1;0;0;1;1;0;1;93
0;1;1;0;0;1;1;0;1;94
0;1;1;0;0;1;1;0;1;95
0;1;1;0;0;1;1;0;1;96
0;1;1;0;0;1;1;0;1;97
0;1;1;0;0;1;1;0;1;98
0;1;1;0;0;1;1;0;1;99
0;1;1;0;0;1;1;0;1;100
1;1;1;0;0;1;1;0;1;101
1;1;1;0;0;1;1;0;1;102
0;1;1;0;0;1;1;0;1;103
1;1;1;0;0;1;1;0;1;104
1;1;1;0;0;1;1;0;1;105
1;1;1;0;0;1;1;0;1;106
1;1;1;0;0;1;1;0;1;107
1;1;1;0;0;1;1;0;1;108
1;1;1;0;0;1;1;0;1;109
1;1;1;0;0;1;1;0;1;110
1;1;1;0;0;1;1;0;1;111
1;1;1;0;0;1;1;0;1;112
0;1;1;0;0;1;1;0;1;113
1;1;1;0;0;1;1;0;1;114
1;1;1;0;0;1;1;0;1;115
1;1;1;0;0;1;1;0;1;116
1;1;1;0;0;1;1;0;1;117
1;1;1;0;0;1;1;0;1;118
1;1;1;0;0;1;1;0;1;119
0;1;1;0;0;1;1;0;1;120
1;1;1;0;0;1;1;0;1;121
1;1;1;0;0;1;1;0;1;122
1;1;1;0;0;1;1;0;1;123
0;1;1;0;0;1;1;0;1;124
1;1;1;0;0;1;1;0;1;125
1;1;1;0;0;1;1;0;1;126
1;1;1;0;0;1;1;0;1;127
0;1;1;0;0;1;1;0;1;128
1;1;1;0;0;1;1;0;1;129
1;1;1;0;0;1;1;0;1;130
1;1;1;0;0;1;1;0;1;131
1;1;1;0;0;1;1;0;1;132
1;1;1;0;0;1;1;0;1;133
0;1;1;0;0;1;1;0;1;134
1;1;1;0;0;1;1;0;1;135
1;1;1;0;0;1;1;0;1;136
1;1;1;0;0;1;1;0;1;137
1;1;1;0;0;1;1;0;1;138
1;1;1;0;0;1;1;0;1;139
1;1;1;0;0;1;1;0;1;140
1;1;1;0;0;1;1;0;1;141
0;1;1;0;0;1;1;0;1;142
1;1;1;0;0;1;1;0;1;143
0;1;1;0;0;1;1;0;1;144
1;1;1;0;0;1;1;0;1;145
1;1;1;0;0;1;1;0;1;146
1;1;1;0;0;1;1;0;1;147
1;1;1;0;0;1;1;0;1;148
1;1;1;0;0;1;1;0;1;149
1;1;1;0;0;1;1;0;1;150
1;1;1;0;0;1;1;0;1;151
1;1;1;0;0;1;1;0;1;152
1;1;1;0;0;1;1;0;1;153
0;1;1;0;0;1;1;0;1;154
0;1;1;0;0;1;1;0;1;155
0;1;1;0;0;1;1;0;1;156
0;1;1;0;0;1;1;0;1;157
1;1;1;0;0;1;1;0;1;158
1;1;1;0;0;1;1;0;1;159
1;1;1;0;0;1;1;0;1;160
1;1;1;0;0;1;1;0;1;161
1;1;1;0;0;1;1;0;1;162
0;1;1;0;0;1;1;0;1;163
1;1;1;0;0;1;1;0;1;164
1;1;1;0;0;1;1;0;1;165
1;1;1;0;0;1;1;0;1;166
1;1;1;0;0;1;1;0;1;167
1;1;1;0;0;1;1;0;1;168
1;1;1;0;0;1;1;0;1;169
1;1;1;0;0;1;1;0;1;170
1;1;1;0;0;1;1;0;1;171
1;1;1;0;0;1;1;1;1;172
1;1;1;0;0;1;1;1;1;173
1;1;1;0;0;1;1;0;1;174
1;1;1;0;0;1;1;0;1;175
1;1;1;0;0;1;1;0;1;176
1;1;1;0;0;1;1;0;1;177
1;1;1;0;0;1;1;0;1;178
1;1;1;0;0;1;1;0;1;179
0;1;1;0;0;1;1;0;1;180
1;1;1;0;0;1;1;0;1;181
0;1;1;0;0;1;1;0;1;182
1;1;1;0;0;1;1;0;1;183
1;1;1;0;0;1;1;0;1;184
1;1;1;0;0;1;1;0;1;185
1;1;1;0;0;1;1;0;1;186
1;1;1;0;0;1;1;0;1;187
1;1;1;0;0;1;1;0;1;188
1;1;1;0;0;1;1;0;1;189
1;1;1;0;0;1;1;0;1;190
1;1;1;0;0;1;1;0;1;191
1;1;1;0;0;1;1;0;1;192
0;1;1;0;0;1;1;0;1;193
0;1;1;0;0;1;1;0;1;194
0;1;1;0;0;1;1;0;1;195
0;1;1;0;0;1;1;0;1;196
0;1;1;0;0;1;1;0;1;197
0;1;1;0;0;1;1;0;1;198
0;1;1;0;0;1;1;0;1;199
0;1;1;0;0;1;1;0;1;200
0;1;1;0;0;1;1;0;1;201
0;1;1;0;0;1;1;0;1;202
1;1;1;0;0;1;1;0;1;203
1;1;1;0;0;1;1;0;1;204
0;1;1;0;0;1;1;0;1;205
1;1;1;0;0;1;1;0;1;206
1;1;1;0;0;1;1;0;1;207
0;1;1;0;0;1;1;0;1;208
1;1;1;0;0;1;1;0;1;209
1;1;1;0;0;1;1;0;1;210
1;1;1;0;0;1;1;0;1;211
1;1;1;0;0;1;1;0;1;212
1;1;1;0;0;1;1;0;1;213
1;1;1;0;0;1;1;0;1;214
1;1;1;0;0;1;1;0;1;215
1;1;1;0;0;1;1;0;1;216
1;1;1;0;0;1;1;0;1;217
1;1;1;0;0;1;1;0;1;218
0;1;1;0;0;1;1;0;1;219
0;1;1;0;0;1;1;0;1;220
0;1;1;0;0;1;1;0;1;221
0;1;1;0;0;1;1;0;1;222
0;1;1;0;0;1;1;0;1;223
0;1;1;0;0;1;1;0;1;224
0;1;1;0;0;1;1;0;1;225
0;1;1;0;0;1;1;0;1;226
0;1;1;0;0;1;1;0;1;227
0;1;1;0;0;1;1;0;1;228
0;1;1;0;0;1;1;0;1;229
0;1;1;0;0;1;1;0;1;230
1;1;1;0;0;1;1;0;1;231
0;1;1;0;0;1;1;0;1;232
1;1;1;0;0;1;1;0;1;233
1;1;1;0;0;1;1;0;1;234
1;1;1;0;0;1;1;0;1;235
1;1;1;0;0;1;1;0;1;236
1;1;1;0;0;1;1;0;1;237
0;1;1;0;0;1;1;0;1;238
1;1;1;0;0;1;1;0;1;239
1;1;1;0;0;1;1;0;1;240
1;1;1;0;0;1;1;0;1;241
1;1;1;0;0;1;1;0;1;242
1;1;1;0;0;1;1;0;1;243
1;1;1;0;0;1;1;0;1;244
1;1;1;0;0;1;1;0;1;245
1;1;1;0;0;1;1;0;1;246
0;1;1;0;0;1;1;0;1;247
1;1;1;0;0;1;1;0;1;248
1;1;1;0;0;1;1;0;1;249
1;1;1;0;0;1;1;0;1;250
1;1;1;0;0;1;1;0;1;251
1;1;1;0;0;1;1;0;1;252
1;1;1;0;0;1;1;0;1;253
1;1;1;0;0;1;1;0;1;254
1;1;1;0;0;1;1;0;1;255
0;1;1;0;0;1;1;0;1;256
1;1;1;0;0;1;1;0;1;257
1;1;1;0;0;1;1;0;1;258
1;1;1;0;0;1;1;0;1;259
1;1;1;0;0;1;1;0;1;260
0;1;1;0;0;1;1;0;1;261
1;1;1;0;0;1;1;0;1;262
1;1;1;0;0;1;1;0;1;263
1;1;1;0;0;1;1;0;1;264
1;1;1;0;0;1;1;0;1;265
1;1;1;0;0;1;1;0;1;266
1;1;1;0;0;1;1;0;1;267
0;1;1;0;0;1;1;0;1;268
1;1;1;0;0;1;1;0;1;269
1;1;1;0;0;1;1;0;1;270
1;1;1;0;0;1;1;0;1;271
1;1;1;0;0;1;1;0;1;272
0;1;1;0;0;1;1;0;1;273
1;1;1;0;0;1;1;0;1;274
1;1;1;0;0;1;1;0;1;275
1;1;1;0;0;1;1;0;1;276
1;1;1;0;0;1;1;0;1;277
1;1;1;0;0;1;1;0;1;278
1;1;1;0;0;1;1;0;1;279
1;1;1;0;0;1;1;0;1;280
0;1;1;0;0;1;1;0;1;281
1;1;1;0;0;1;1;0;1;282
1;1;1;0;0;1;1;0;1;283
1;1;1;0;0;1;1;1;1;284
1;1;1;0;0;1;1;1;1;285
0;1;1;0;0;1;1;1;1;286
1;1;1;0;0;1;1;0;1;287
1;1;1;0;0;1;1;0;1;288
1;1;1;0;0;1;1;0;1;289
1;1;1;0;0;1;1;0;1;290
1;1;1;0;0;1;1;0;1;291
1;1;1;0;0;1;1;0;1;292
1;1;1;0;0;1;1;0;1;293
1;1;1;0;0;1;1;0;1;294
1;1;1;0;0;1;1;0;1;295
0;1;1;0;0;1;1;0;1;296
0;1;1;0;0;1;1;0;1;297
0;1;1;0;0;1;1;0;1;298
0;1;1;0;0;1;1;0;1;299
0;1;1;0;0;1;1;0;1;300
0;1;1;0;0;1;1;0;1;301
0;1;1;0;0;1;1;0;1;302
0;1;1;0;0;1;1;0;1;303
0;1;1;0;0;1;1;0;1;304
0;1;1;0;0;1;1;0;1;305
0;1;1;0;0;1;1;0;1;306
0;1;1;0;0;1;1;0;1;307
0;1;1;0;0;1;1;0;1;308
1;1;1;0;0;1;1;0;1;309
1;1;1;0;0;1;1;0;1;310
1;1;1;0;0;1;1;0;1;311
1;1;1;0;0;1;1;0;1;312
1;1;1;0;0;1;1;0;1;313
0;1;1;0;0;1;1;0;1;314
1;1;1;0;0;1;1;0;1;315
1;1;1;0;0;1;1;0;1;316
1;1;1;0;0;1;1;0;1;317
1;1;1;0;0;1;1;0;1;318
1;1;1;0;0;1;1;0;1;319
1;1;1;0;0;1;1;0;1;320
1;1;1;0;0;1;1;0;1;321
1;1;1;0;0;1;1;0;1;322
1;1;1;0;0;1;1;0;1;323
1;1;1;0;0;1;1;0;1;324
0;1;1;0;0;1;1;0;1;325
0;1;1;0;0;1;1;0;1;326
0;1;1;0;0;1;1;0;1;327
0;1;1;0;0;1;1;0;1;328
0;1;1;0;0;1;1;0;1;329
0;1;1;0;0;1;1;0;1;330
0;1;1;0;0;1;1;0;1;331
0;1;1;0;0;1;1;0;1;332
1;1;1;0;0;1;1;0;1;333
1;1;1;0;0;1;1;0;1;334
1;1;1;0;0;1;1;0;1;335
1;1;1;0;0;1;1;0;1;336
1;1;1;0;0;1;1;0;1;337
1;1;1;0;0;1;1;0;1;338
1;1;1;0;0;1;1;0;1;339
0;1;1;0;0;1;1;0;1;340
1;1;1;0;0;1;1;0;1;341
1;1;1;0;0;1;1;0;1;342
1;1;1;0;0;1;1;0;1;343
1;1;1;0;0;1;1;0;1;344
1;1;1;0;0;1;1;0;1;345
0;1;1;0;0;1;1;0;1;346
1;1;1;0;0;1;1;0;1;347
1;1;1;0;0;1;1;0;1;348
1;1;1;0;0;1;1;0;1;349
0;1;1;0;0;1;1;0;1;350
1;1;1;0;0;1;1;0;1;351
1;1;1;0;0;1;1;0;1;352
1;1;1;0;0;1;1;0;1;353
1;1;1;0;0;1;1;0;1;354
1;1;1;0;0;1;1;0;1;355
1;1;1;0;0;1;1;0;1;356
1;1;1;0;0;1;1;0;1;357
1;1;1;0;0;1;1;0;1;358
1;1;1;0;0;1;1;0;1;359
0;1;1;0;0;1;1;0;1;360
0;1;1;0;0;1;1;0;1;361
0;1;1;0;0;1;1;0;1;362
0;1;1;0;0;1;1;0;1;363
0;1;1;0;0;1;1;0;1;364
0;1;1;0;0;1;1;0;1;365
0;1;1;0;0;1;1;0;1;366
0;1;1;0;0;1;1;0;1;367
0;1;1;0;0;1;1;0;1;368
0;1;1;0;0;1;1;0;1;369
0;1;1;0;0;1;1;0;1;370
1;1;1;0;0;1;1;0;1;371
0;1;1;0;0;1;1;0;1;372
1;1;1;0;0;1;1;0;1;373
1;1;1;0;0;1;1;0;1;374
1;1;1;0;0;1;1;0;1;375
1;1;1;0;0;1;1;0;1;376
0;1;1;0;0;1;1;0;1;377
1;1;1;0;0;1;1;0;1;378
1;1;1;0;0;1;1;0;1;379
1;1;1;0;0;1;1;0;1;380
1;1;1;0;0;1;1;0;1;381
1;1;1;0;0;1;1;0;1;382
1;1;1;0;0;1;1;0;1;383
1;1;1;0;0;1;1;0;1;384
1;1;1;0;0;1;1;0;1;385
1;1;1;0;0;1;1;0;1;386
0;1;1;0;0;1;1;0;1;387
0;1;1;0;0;1;1;0;1;388
0;1;1;0;0;1;1;0;1;389
0;1;1;0;0;1;1;0;1;390
0;1;1;0;0;1;1;0;1;391
0;1;1;0;0;1;1;0;1;392
0;1;1;0;0;1;1;0;1;393
0;1;1;0;0;1;1;0;1;394
0;1;1;0;0;1;1;0;1;395
0;1;1;0;0;1;1;0;1;396
1;1;1;0;0;1;1;0;1;397
1;1;1;0;0;1;1;0;1;398
1;1;1;0;0;1;1;0;1;399
1;1;1;0;0;1;1;0;1;400
1;1;1;0;0;1;1;0;1;401
1;1;1;0;0;1;1;0;1;402
1;1;1;0;0;1;1;0;1;403
0;1;1;0;0;1;1;0;1;404
1;1;1;0;0;1;1;0;1;405
1;1;1;0;0;1;1;0;1;406
1;1;1;0;0;1;1;0;1;407
1;1;1;0;0;1;1;1;1;408
1;1;1;0;0;1;1;1;1;409
1;1;1;0;0;1;1;0;1;410
0;1;1;0;0;1;1;0;1;411
1;1;1;0;0;1;1;0;1;412
1;1;1;0;0;1;1;0;1;413
1;1;1;0;0;1;1;0;1;414
0;1;1;0;0;1;1;0;1;415
1;1;1;0;0;1;1;0;1;416
1;1;1;0;0;1;1;0;1;417
1;1;1;0;0;1;1;0;1;418
1;1;1;0;0;1;1;0;1;419
1;1;1;0;0;1;1;0;1;420
1;1;1;0;0;1;1;0;1;421
1;1;1;0;0;1;1;0;1;422
1;1;1;0;0;1;1;0;1;423
1;1;1;0;0;1;1;0;1;424
0;1;1;0;0;1;1;0;1;425
0;1;1;0;0;1;1;0;1;426
0;1;1;0;0;1;1;0;1;427
0;1;1;0;0;1;1;0;1;428
0;1;1;0;0;1;1;0;1;429
0;1;1;0;0;1;1;0;1;430
0;1;1;0;0;1;1;0;1;431
0;1;1;0;0;1;1;0;1;432
0;1;1;0;0;1;1;0;1;433
0;1;1;0;0;1;1;0;1;434
1;1;1;0;0;1;1;0;1;435
0;1;1;0;0;1;1;0;1;436
1;1;1;0;0;1;1;0;1;437
1;1;1;0;0;1;1;0;1;438
1;1;1;0;0;1;1;0;1;439
1;1;1;0;0;1;1;0;1;440
0;1;1;0;0;1;1;0;1;441
1;1;1;0;0;1;1;0;1;442
1;1;1;0;0;1;1;0;1;443
1;1;1;0;0;1;1;0;1;444
1;1;1;0;0;1;1;0;1;445
1;1;1;0;0;1;1;0;1;446
1;1;1;0;0;1;1;0;1;447
1;1;1;0;0;1;1;0;1;448
1;1;1;0;0;1;1;0;1;449
1;1;1;0;0;1;1;0;1;450
0;1;1;0;0;1;1;0;1;451
0;1;1;0;0;1;1;0;1;452
0;1;1;0;0;1;1;0;1;453
1;1;1;0;0;1;1;0;1;454
0;1;1;0;0;1;1;0;1;455
0;1;1;0;0;1;1;0;1;456
1;1;1;0;0;1;1;0;1;457
0;1;1;0;0;1;1;0;1;458
0;1;1;0;0;1;1;0;1;459
0;1;1;0;0;1;1;0;1;460
1;1;1;0;0;1;1;0;1;461
1;1;1;0;0;1;1;0;1;462
1;1;1;0;0;1;1;0;1;463
1;1;1;0;0;1;1;0;1;464
1;1;1;0;0;1;1;0;1;465
1;1;1;0;0;1;1;0;1;466
1;1;1;0;0;1;1;0;1;467
1;1;1;0;0;1;1;0;1;468
0;1;1;0;0;1;1;0;1;469
1;1;1;0;0;1;1;0;1;470
1;1;1;0;0;1;1;0;1;471
1;1;1;0;0;1;1;0;1;472
1;1;1;0;0;1;1;0;1;473
1;1;1;0;0;1;1;0;1;474
0;1;1;0;0;1;1;0;1;475
1;1;1;0;0;1;1;0;1;476
1;1;1;0;0;1;1;0;1;477
1;1;1;0;0;1;1;0;1;478
1;1;1;0;0;1;1;0;1;479
1;1;1;0;0;1;1;0;1;480
1;1;1;0;0;1;1;0;1;481
1;1;1;0;0;1;1;0;1;482
1;1;1;0;0;1;1;0;1;483
1;1;1;0;0;1;1;0;1;484
0;1;1;0;0;1;1;0;1;485
1;1;1;0;0;1;1;0;1;486
1;1;1;0;0;1;1;0;1;487
0;1;1;0;0;1;1;0;1;488
1;1;1;0;0;1;1;0;1;489
1;1;1;0;0;1;1;0;1;490
1;1;1;0;0;1;1;0;1;491
1;1;1;0;0;1;1;0;1;492
1;1;1;0;0;1;1;0;1;493
1;1;1;0;0;1;1;0;1;494
1;1;1;0;0;1;1;0;1;495
1;1;1;0;0;1;1;0;1;496
1;1;1;0;0;1;1;0;1;497
0;1;1;0;0;1;1;0;1;498
0;1;1;0;0;1;1;0;1;499
0;1;1;0;0;1;1;0;1;500
0;1;1;0;0;1;1;0;1;501
1;1;1;0;0;1;1;0;1;502
0;1;1;0;0;1;1;0;1;503
0;1;1;0;0;1;1;0;1;504
0;1;1;0;0;1;1;0;1;505
0;1;1;0;0;1;1;0;1;506
0;1;1;0;0;1;1;0;1;507
0;1;1;0;0;1;1;0;1;508
0;1;1;0;0;1;1;1;1;509
0;1;1;0;0;1;1;1;1;510
0;1;1;0;0;1;1;0;1;511
0;1;1;0;0;1;1;0;1;512
0;1;1;0;0;1;1;0;1;513
0;1;1;0;0;1;1;0;1;514
1;1;1;0;0;1;1;0;1;515
0;1;1;0;0;1;1;0;1;516
1;1;1;0;0;1;1;0;1;517
1;1;1;0;0;1;1;0;1;518
1;1;1;0;0;1;1;0;1;519
1;1;1;0;0;1;1;0;1;520
0;1;1;0;0;1;1;0;1;521
1;1;1;0;0;1;1;0;1;522
1;1;1;0;0;1;1;0;1;523
1;1;1;0;0;1;1;0;1;524
1;1;1;0;0;1;1;0;1;525
1;1;1;0;0;1;1;0;1;526
1;1;1;0;0;1;1;0;1;527
1;1;1;0;0;1;1;0;1;528
1;1;1;0;0;1;1;0;1;529
1;1;1;0;0;1;1;0;1;530
0;1;1;0;0;1;1;0;1;531
1;1;1;0;0;1;1;0;1;532
1;1;1;0;0;1;1;0;1;533
1;1;1;0;0;1;1;0;1;534
1;1;1;0;0;1;1;0;1;535
1;1;1;0;0;1;1;0;1;536
0;1;1;0;0;1;1;0;1;537
1;1;1;0;0;1;1;0;1;538
1;1;1;0;0;1;1;0;1;539
1;1;1;0;0;1;1;0;1;540
1;1;1;0;0;1;1;0;1;541
1;1;1;0;0;1;1;0;1;542
1;1;1;0;0;1;1;0;1;543
1;1;1;0;0;1;1;0;1;544
1;1;1;0;0;1;1;0;1;545
1;1;1;0;0;1;1;0;1;546
0;1;1;0;0;1;1;0;1;547
0;1;1;0;0;1;1;0;1;548
0;1;1;0;0;1;1;0;1;549
0;1;1;0;0;1;1;0;1;550
0;1;1;0;0;1;1;0;1;551
0;1;1;0;0;1;1;0;1;552
0;1;1;0;0;1;1;0;1;553
0;1;1;0;0;1;1;0;1;554
0;1;1;0;0;1;1;0;1;555
0;1;1;0;0;1;1;0;1;556
0;1;1;0;0;1;1;0;1;557
0;1;1;0;0;1;1;0;1;558
0;1;1;0;0;1;1;0;1;559
1;1;1;0;0;1;1;0;1;560
1;1;1;0;0;1;1;0;1;561
0;1;1;0;0;1;1;0;1;562
1;1;1;0;0;1;1;0;1;563
1;1;1;0;0;1;1;0;1;564
1;1;1;0;0;1;1;0;1;565
1;1;1;0;0;1;1;0;1;566
1;1;1;0;0;1;1;0;1;567
0;1;1;0;0;1;1;0;1;568
1;1;1;0;0;1;1;0;1;569
1;1;1;0;0;1;1;0;1;570
1;1;1;0;0;1;1;0;1;571
1;1;1;0;0;1;1;0;1;572
1;1;1;0;0;1;1;0;1;573
1;1;1;0;0;1;1;0;1;574
1;1;1;0;0;1;1;0;1;575
1;1;1;0;0;1;1;0;1;576
1;1;1;0;0;1;1;0;1;577
0;1;1;0;0;1;1;0;1;578
1;1;1;0;0;1;1;0;1;579
0;1;1;0;0;1;1;0;1;580
1;1;1;0;0;1;1;0;1;581
1;1;1;0;0;1;1;0;1;582
1;1;1;0;0;1;1;0;1;583
1;1;1;0;0;1;1;0;1;584
0;1;1;0;0;1;1;0;1;585
1;1;1;0;0;1;1;0;1;586
1;1;1;0;0;1;1;0;1;587
1;1;1;0;0;1;1;0;1;588
1;1;1;0;0;1;1;0;1;589
1;1;1;0;0;1;1;0;1;590
0;1;1;0;0;1;1;0;1;591
1;1;1;0;0;1;1;0;1;592
1;1;1;0;0;1;1;0;1;593
1;1;1;0;0;1;1;0;1;594
0;1;1;0;0;1;1;0;1;595
1;1;1;0;0;1;1;0;1;596
1;1;1;0;0;1;1;0;1;597
1;1;1;0;0;1;1;0;1;598
1;1;1;0;0;1;1;1;1;599
1;1;1;0;0;1;1;1;1;600
1;1;1;0;0;1;1;1;1;601
1;1;1;0;0;1;1;0;1;602
1;1;1;0;0;1;1;0;1;603
0;1;1;0;0;1;1;0;1;604
0;1;1;0;0;1;1;0;1;605
0;1;1;0;0;1;1;0;1;606
0;1;1;0;0;1;1;0;1;607
0;1;1;0;0;1;1;0;1;608
0;1;1;0;0;1;1;0;1;609
0;1;1;0;0;1;1;0;1;610
0;1;1;0;0;1;1;0;1;611
0;1;1;0;0;1;1;0;1;612
0;1;1;0;0;1;1;0;1;613
0;1;1;0;0;1;1;0;1;614
0;1;1;0;0;1;1;0;1;615
1;1;1;0;0;1;1;0;1;616
1;1;1;0;0;1;1;0;1;617
1;1;1;0;0;1;1;0;1;618
0;1;1;0;0;1;1;0;1;619
1;1;1;0;0;1;1;0;1;620
1;1;1;0;0;1;1;0;1;621
1;1;1;0;0;1;1;0;1;622
1;1;1;0;0;1;1;0;1;623
1;1;1;0;0;1;1;0;1;624
1;1;1;0;0;1;1;0;1;625
1;1;1;0;0;1;1;0;1;626
1;1;1;0;0;1;1;0;1;627
0;1;1;0;0;1;1;0;1;628
1;1;1;0;0;1;1;0;1;629
1;1;1;0;0;1;1;0;1;630
1;1;1;0;0;1;1;0;1;631
1;1;1;0;0;1;1;0;1;632
1;1;1;0;0;1;1;0;1;633
0;1;1;0;0;1;1;0;1;634
1;1;1;0;0;1;1;1;1;635
1;1;1;0;0;1;1;1;1;636
1;1;1;0;0;1;1;0;1;637
1;1;1;0;0;1;1;0;1;638
1;1;1;0;0;1;1;0;1;639
1;1;1;0;0;1;1;0;1;640
1;1;1;0;0;1;1;0;1;641
1;1;1;0;0;1;1;0;1;642
0;1;1;0;0;1;1;0;1;643
0;1;1;0;0;1;1;0;1;644
0;1;1;0;0;1;1;0;1;645
0;1;1;0;0;1;1;0;1;646
0;1;1;0;0;1;1;0;1;647
0;1;1;0;0;1;1;0;1;648
0;1;1;0;0;1;1;0;1;649
0;1;1;0;0;1;1;0;1;650
0;1;1;0;0;1;1;0;1;651
0;1;1;0;0;1;1;0;1;652
0;1;1;0;0;1;1;0;1;653
1;1;1;0;0;1;1;0;1;654
1;1;1;0;0;1;1;0;1;655
1;1;1;0;0;1;1;0;1;656
1;1;1;0;0;1;1;0;1;657
1;1;1;0;0;1;1;0;1;658
1;1;1;0;0;1;1;0;1;659
1;1;1;0;0;1;1;0;1;660
1;1;1;0;0;1;1;0;1;661
1;1;1;0;0;1;1;0;1;662
0;1;1;0;0;1;1;0;1;663
1;1;1;0;0;1;1;0;1;664
1;1;1;0;0;1;1;0;1;665
1;1;1;0;0;1;1;0;1;666
1;1;1;0;0;1;1;0;1;667
1;1;1;0;0;1;1;0;1;668
1;1;1;0;0;1;1;0;1;669
1;1;1;0;0;1;1;0;1;670
1;1;1;0;0;1;1;0;1;671
0;1;1;0;0;1;1;0;1;672
1;1;1;0;0;1;1;0;1;673
1;1;1;0;0;1;1;0;1;674
1;1;1;0;0;1;1;0;1;675
0;1;1;0;0;1;1;0;1;676
1;1;1;0;0;1;1;0;1;677
1;1;1;0;0;1;1;0;1;678
1;1;1;0;0;1;1;0;1;679
1;1;1;0;0;1;1;0;1;680
0;1;1;0;0;1;1;0;1;681
1;1;1;0;0;1;1;0;1;682
1;1;1;0;0;1;1;0;1;683
1;1;1;0;0;1;1;0;1;684
1;1;1;0;0;1;1;0;1;685
1;1;1;0;0;1;1;0;1;686
1;1;1;0;0;1;1;0;1;687
1;1;1;0;0;1;1;0;1;688
1;1;1;0;0;1;1;0;1;689
1;1;1;0;0;1;1;0;1;690
0;1;1;0;0;1;1;0;1;691
0;1;1;0;0;1;1;0;1;692
0;1;1;0;0;1;1;0;1;693
0;1;1;0;0;1;1;0;1;694
0;1;1;0;0;1;1;0;1;695
0;1;1;0;0;1;1;0;1;696
0;1;1;0;0;1;1;0;1;697
0;1;1;0;0;1;1;0;1;698
0;1;1;0;0;1;1;0;1;699
0;1;1;0;0;1;1;0;1;700
0;1;1;0;0;1;1;0;1;701
0;1;1;0;0;1;1;0;1;702
0;1;1;0;0;1;1;0;1;703
0;1;1;0;0;1;1;0;1;704
0;1;1;0;0;1;1;0;1;705
1;1;1;0;0;1;1;0;1;706
1;1;1;0;0;1;1;0;1;707
1;1;1;0;0;1;1;0;1;708
1;1;1;0;0;1;1;0;1;709
0;1;1;0;0;1;1;0;1;710
1;1;1;0;0;1;1;0;1;711
1;1;1;0;0;1;1;0;1;712
1;1;1;0;0;1;1;0;1;713
1;1;1;0;0;1;1;0;1;714
1;1;1;0;0;1;1;0;1;715
1;1;1;0;0;1;1;0;1;716
1;1;1;0;0;1;1;0;1;717
1;1;1;0;0;1;1;0;1;718
1;1;1;0;0;1;1;0;1;719
0;1;1;0;0;1;1;0;1;720
0;1;1;0;0;1;1;0;1;721
0;1;1;0;0;1;1;0;1;722
0;1;1;0;0;1;1;0;1;723
0;1;1;0;0;1;1;0;1;724
0;1;1;0;0;1;1;0;1;725
0;1;1;0;0;1;1;0;1;726
0;1;1;0;0;1;1;0;1;727
0;1;1;0;0;1;1;0;1;728
1;1;1;0;0;1;1;0;1;729
1;1;1;0;0;1;1;0;1;730
1;1;1;0;0;1;1;0;1;731
1;1;1;0;0;1;1;0;1;732
1;1;1;0;0;1;1;0;1;733
1;1;1;0;0;1;1;0;1;734
1;1;1;0;0;1;1;0;1;735
1;1;1;0;0;1;1;0;1;736
0;1;1;0;0;1;1;0;1;737
1;1;1;0;0;1;1;0;1;738
1;1;1;0;0;1;1;0;1;739
1;1;1;0;0;1;1;0;1;740
1;1;1;0;0;1;1;0;1;741
0;1;1;0;0;1;1;0;1;742
1;1;1;0;0;1;1;0;1;743
1;1;1;0;0;1;1;0;1;744
1;1;1;0;0;1;1;0;1;745
1;1;1;0;0;1;1;0;1;746
0;1;1;0;0;1;1;0;1;747
1;1;1;0;0;1;1;0;1;748
1;1;1;0;0;1;1;0;1;749
1;1;1;0;0;1;1;0;1;750
0;1;1;0;0;1;1;0;1;751
1;1;1;0;0;1;1;0;1;752
1;1;1;0;0;1;1;0;1;753
0;1;1;0;0;1;1;0;1;754
1;1;1;0;0;1;1;0;1;755
1;1;1;0;0;1;1;0;1;756
1;1;1;0;0;1;1;0;1;757
1;1;1;0;0;1;1;0;1;758
1;1;1;0;0;1;1;0;1;759
1;1;1;0;0;1;1;0;1;760
1;1;1;0;0;1;1;0;1;761
1;1;1;0;0;1;1;0;1;762
1;1;1;0;0;1;1;0;1;763
1;1;1;0;0;1;1;0;1;764
0;1;1;0;0;1;1;0;1;765
0;1;1;0;0;1;1;0;1;766
0;1;1;0;0;1;1;0;1;767
0;1;1;0;0;1;1;0;1;768
0;1;1;0;0;1;1;1;1;769
0;1;1;0;0;1;1;1;1;770
0;1;1;0;0;1;1;1;1;771
0;1;1;0;0;1;1;0;1;772
0;1;1;0;0;1;1;0;1;773
0;1;1;0;0;1;1;0;1;774
0;1;1;0;0;1;1;0;1;775
0;1;1;0;0;1;1;0;1;776
0;1;1;0;0;1;1;0;1;777
0;1;1;0;0;1;1;0;1;778
0;1;1;0;0;1;1;0;1;779
0;1;1;0;0;1;1;0;1;780
1;1;1;0;0;1;1;0;1;781
1;1;1;0;0;1;1;0;1;782
1;1;1;0;0;1;1;0;1;783
1;1;1;0;0;1;1;0;1;784
1;1;1;0;0;1;1;0;1;785
1;1;1;0;0;1;1;0;1;786
0;1;1;0;0;1;1;0;1;787
1;1;1;0;0;1;1;0;1;788
1;1;1;0;0;1;1;0;1;789
1;1;1;0;0;1;1;0;1;790
1;1;1;0;0;1;1;0;1;791
1;1;1;0;0;1;1;0;1;792
1;1;1;0;0;1;1;0;1;793
1;1;1;0;0;1;1;0;1;794
1;1;1;0;0;1;1;0;1;795
1;1;1;0;0;1;1;0;1;796
1;1;1;0;0;1;1;0;1;797
0;1;1;0;0;1;1;0;1;798
1;1;1;0;0;1;1;0;1;799
1;1;1;0;0;1;1;0;1;800
1;1;1;0;0;1;1;0;1;801
1;1;1;0;0;1;1;0;1;802
1;1;1;0;0;1;1;0;1;803
1;1;1;0;0;1;1;0;1;804
1;1;1;0;0;1;1;0;1;805
1;1;1;0;0;1;1;0;1;806
0;1;1;0;0;1;1;0;1;807
1;1;1;0;0;1;1;0;1;808
1;1;1;0;0;1;1;0;1;809
1;1;1;0;0;1;1;0;1;810
1;1;1;0;0;1;1;0;1;811
1;1;1;0;0;1;1;0;1;812
1;1;1;0;0;1;1;0;1;813
1;1;1;0;0;1;1;0;1;814
1;1;1;0;0;1;1;0;1;815
1;1;1;0;0;1;1;0;1;816
0;1;1;0;0;1;1;0;1;817
0;1;1;0;0;1;1;0;1;818
0;1;1;0;0;1;1;0;1;819
1;1;1;0;0;1;1;0;1;820
1;1;1;0;0;1;1;0;1;821
1;1;1;0;0;1;1;0;1;822
1;1;1;0;0;1;1;0;1;823
1;1;1;0;0;1;1;0;1;824
1;1;1;0;0;1;1;0;1;825
0;1;1;0;0;1;1;0;1;826
1;1;1;0;0;1;1;0;1;827
1;1;1;0;0;1;1;0;1;828
1;1;1;0;0;1;1;0;1;829
0;1;1;0;0;1;1;0;1;830
1;1;1;0;0;1;1;0;1;831
1;1;1;0;0;1;1;0;1;832
1;1;1;0;0;1;1;0;1;833
1;1;1;0;0;1;1;0;1;834
1;1;1;0;0;1;1;0;1;835
1;1;1;0;0;1;1;0;1;836
1;1;1;0;0;1;1;0;1;837
1;1;1;0;0;1;1;0;1;838
1;1;1;0;0;1;1;0;1;839
1;1;1;0;0;1;1;0;1;840
0;1;1;0;0;1;1;0;1;841
1;1;1;0;0;1;1;0;1;842
1;1;1;0;0;1;1;0;1;843
0;1;1;0;0;1;1;0;1;844
1;1;1;0;0;1;1;0;1;845
1;1;1;0;0;1;1;0;1;846
1;1;1;0;0;1;1;0;1;847
1;1;1;0;0;1;1;0;1;848
1;1;1;0;0;1;1;0;1;849
1;1;1;0;0;1;1;0;1;850
1;1;1;0;0;1;1;0;1;851
1;1;1;0;0;1;1;0;1;852
1;1;1;0;0;1;1;0;1;853
0;1;1;0;0;1;1;0;1;854
0;1;1;0;0;1;1;0;1;855
1;1;1;0;0;1;1;0;1;856
1;1;1;0;0;1;1;0;1;857
0;1;1;0;0;1;1;0;1;858
1;1;1;0;0;1;1;0;1;859
1;1;1;0;0;1;1;1;1;860
1;1;1;0;0;1;1;1;1;861
1;1;1;0;0;1;1;0;1;862
1;1;1;0;0;1;1;0;1;863
1;1;1;0;0;1;1;0;1;864
0;1;1;0;0;1;1;0;1;865
1;1;1;0;0;1;1;0;1;866
1;1;1;0;0;1;1;0;1;867
1;1;1;0;0;1;1;0;1;868
1;1;1;0;0;1;1;0;1;869
1;1;1;0;0;1;1;0;1;870
1;1;1;0;0;1;1;0;1;871
1;1;1;0;0;1;1;0;1;872
1;1;1;0;0;1;1;0;1;873
0;1;1;0;0;1;1;0;1;874
1;1;1;0;0;1;1;0;1;875
1;1;1;0;0;1;1;0;1;876
1;1;1;0;0;1;1;0;1;877
0;1;1;0;0;1;1;0;1;878
1;1;1;0;0;1;1;0;1;879
1;1;1;0;0;1;1;0;1;880
1;1;1;0;0;1;1;0;1;881
0;1;1;0;0;1;1;0;1;882
1;1;1;0;0;1;1;0;1;883
1;1;1;0;0;1;1;0;1;884
1;1;1;0;0;1;1;0;1;885
1;1;1;0;0;1;1;0;1;886
1;1;1;0;0;1;1;0;1;887
1;1;1;0;0;1;1;0;1;888
1;1;1;0;0;1;1;0;1;889
1;1;1;0;0;1;1;0;1;890
1;1;1;0;0;1;1;0;1;891
0;1;1;0;0;1;1;0;1;892
0;1;1;0;0;1;1;0;1;893
0;1;1;0;0;1;1;0;1;894
0;1;1;0;0;1;1;0;1;895
0;1;1;0;0;1;1;0;1;896
0;1;1;0;0;1;1;0;1;897
0;1;1;0;0;1;1;0;1;898
0;1;1;0;0;1;1;0;1;899
0;1;1;0;0;1;1;0;1;900
0;1;1;0;0;1;1;0;1;901
0;1;1;0;0;1;1;0;1;902
1;1;1;0;0;1;1;0;1;903
1;1;1;0;0;1;1;0;1;904
0;1;1;0;0;1;1;0;1;905
1;1;1;0;0;1;1;0;1;906
1;1;1;0;0;1;1;0;1;907
1;1;1;0;0;1;1;0;1;908
1;1;1;0;0;1;1;0;1;909
1;1;1;0;0;1;1;0;1;910
1;1;1;0;0;1;1;0;1;911
1;1;1;0;0;1;1;0;1;912
1;1;1;0;0;1;1;0;1;913
1;1;1;0;0;1;1;0;1;914
0;1;1;0;0;1;1;0;1;915
0;1;1;0;0;1;1;0;1;916
0;1;1;0;0;1;1;0;1;917
0;1;1;0;0;1;1;0;1;918
0;1;1;0;0;1;1;0;1;919
0;1;1;0;0;1;1;0;1;920
0;1;1;0;0;1;1;0;1;921
0;1;1;0;0;1;1;0;1;922
0;1;1;0;0;1;1;0;1;923
0;1;1;0;0;1;1;0;1;924
0;1;1;0;0;1;1;0;1;925
1;1;1;0;0;1;1;0;1;926
1;1;1;0;0;1;1;0;1;927
1;1;1;0;0;1;1;0;1;928
1;1;1;0;0;1;1;0;1;929
0;1;1;0;0;1;1;0;1;930
1;1;1;0;0;1;1;0;1;931
1;1;1;0;0;1;1;0;1;932
1;1;1;0;0;1;1;0;1;933
0;1;1;0;0;1;1;0;1;934
1;1;1;0;0;1;1;0;1;935
1;1;1;0;0;1;1;0;1;936
1;1;1;0;0;1;1;0;1;937
1;1;1;0;0;1;1;0;1;938
1;1;1;0;0;1;1;0;1;939
1;1;1;0;0;1;1;0;1;940
1;1;1;0;0;1;1;0;1;941
1;1;1;0;0;1;1;0;1;942
1;1;1;0;0;1;1;0;1;943
1;1;1;0;0;1;1;0;1;944
1;1;1;0;0;1;1;0;1;945
1;1;1;0;0;1;1;0;1;946
1;1;1;0;0;1;1;0;1;947
1;1;1;0;0;1;1;0;1;948
1;1;1;0;0;1;1;0;1;949
1;1;1;0;0;1;1;0;1;950
1;1;1;0;0;1;1;0;1;951
1;1;1;0;0;1;1;0;1;952
1;1;1;0;0;1;1;0;1;953
1;1;1;0;0;1;1;0;1;954
1;1;1;0;0;1;1;0;1;955
1;1;1;0;0;1;1;0;1;956
1;1;1;0;0;1;1;0;1;957
1;1;1;0;0;1;1;0;1;958
1;1;1;0;0;1;1;0;1;959
1;1;1;0;0;1;1;0;1;960
0;1;1;0;0;1;1;0;1;961
1;1;1;0;0;1;1;0;1;962
1;1;1;0;0;1;1;0;1;963
1;1;1;0;0;1;1;0;1;964
1;1;1;0;0;1;1;0;1;965
1;1;1;0;0;1;1;0;1;966
1;1;1;0;0;1;1;0;1;967
0;1;1;0;0;1;1;0;1;968
1;1;1;0;0;1;1;0;1;969
1;1;1;0;0;1;1;0;1;970
1;1;1;0;0;1;1;0;1;971
1;1;1;0;0;1;1;0;1;972
1;1;1;0;0;1;1;0;1;973
1;1;1;0;0;1;1;0;1;974
0;1;1;0;0;1;1;0;1;975
1;1;1;0;0;1;1;0;1;976
1;1;1;0;0;1;1;0;1;977
1;1;1;0;0;1;1;0;1;978
0;1;1;0;0;1;1;0;1;979
1;1;1;0;0;1;1;0;1;980
1;1;1;0;0;1;1;0;1;981
1;1;1;0;0;1;1;0;1;982
1;1;1;0;0;1;1;1;1;983
1;1;1;0;0;1;1;1;1;984
1;1;1;0;0;1;1;1;1;985
1;1;1;0;0;1;1;0;1;986
1;1;1;0;0;1;1;0;1;987
1;1;1;0;0;1;1;0;1;988
1;1;1;0;0;1;1;0;1;989
1;1;1;0;0;1;1;0;1;990
0;1;1;0;0;1;1;0;1;991
1;1;1;0;0;1;1;0;1;992
1;1;1;0;0;1;1;0;1;993
1;1;1;0;0;1;1;0;1;994
1;1;1;0;0;1;1;0;1;995
1;1;1;0;0;1;1;0;1;996
1;1;1;0;0;1;1;0;1;997
0;1;1;0;0;1;1;0;1;998
1;1;1;0;0;1;1;0;1;999
1;1;1;0;0;1;1;0;1;1000
1;1;1;0;0;1;1;0;1;1001
1;1;1;0;0;1;1;0;1;1002
1;1;1;0;0;1;1;0;1;1003
0;1;1;0;0;1;1;0;1;1004
1;1;1;0;0;1;1;0;1;1005
1;1;1;0;0;1;1;0;1;1006
1;1;1;0;0;1;1;0;1;1007
1;1;1;0;0;1;1;0;1;1008
1;1;1;0;0;1;1;0;1;1009
1;1;1;0;0;1;1;0;1;1010
0;1;1;0;0;1;1;0;1;1011
1;1;1;0;0;1;1;0;1;1012
1;1;1;0;0;1;1;0;1;1013
1;1;1;0;0;1;1;0;1;1014
0;1;1;0;0;1;1;0;1;1015
1;1;1;0;0;1;1;0;1;1016
1;1;1;0;0;1;1;0;1;1017
1;1;1;0;0;1;1;0;1;1018
1;1;1;0;0;1;1;0;1;1019
1;1;1;0;0;1;1;0;1;1020
1;1;1;0;0;1;1;0;1;1021
1;1;1;0;0;1;1;0;1;1022
1;1;1;0;0;1;1;0;1;1023
1;1;1;0;0;1;1;0;1;1024
0;1;1;0;0;1;1;0;1;1025
0;1;1;0;0;1;1;0;1;1026
1;1;1;0;0;1;1;0;1;1027
1;1;1;0;0;1;1;0;1;1028
1;1;1;0;0;1;1;0;1;1029
0;1;1;0;0;1;1;0;1;1030
1;1;1;0;0;1;1;0;1;1031
1;1;1;0;0;1;1;0;1;1032
1;1;1;0;0;1;1;0;1;1033
1;1;1;0;0;1;1;0;1;1034
1;1;1;0;0;1;1;0;1;1035
0;1;1;0;0;1;1;0;1;1036
1;1;1;0;0;1;1;0;1;1037
1;1;1;0;0;1;1;0;1;1038
1;1;1;0;0;1;1;0;1;1039
1;1;1;0;0;1;1;0;1;1040
1;1;1;0;0;1;1;0;1;1041
1;1;1;0;0;1;1;0;1;1042
0;1;1;0;0;1;1;0;1;1043
1;1;1;0;0;1;1;0;1;1044
0;1;1;0;0;1;1;0;1;1045
1;1;1;0;0;1;1;0;1;1046
1;1;1;0;0;1;1;0;1;1047
1;1;1;0;0;1;1;0;1;1048
1;1;1;0;0;1;1;0;1;1049
1;1;1;0;0;1;1;0;1;1050
1;1;1;0;0;1;1;0;1;1051
1;1;1;0;0;1;1;0;1;1052
1;1;1;0;0;1;1;0;1;1053
1;1;1;0;0;1;1;0;1;1054
0;1;1;0;0;1;1;0;1;1055
0;1;1;0;0;1;1;0;1;1056
0;1;1;0;0;1;1;0;1;1057
0;1;1;0;0;1;1;0;1;1058
0;1;1;0;0;1;1;0;1;1059
0;1;1;0;0;1;1;0;1;1060
0;1;1;0;0;1;1;0;1;1061
0;1;1;0;0;1;1;0;1;1062
0;1;1;0;0;1;1;0;1;1063
0;1;1;0;0;1;1;0;1;1064
0;1;1;0;0;1;1;0;1;1065
1;1;1;0;0;1;1;0;1;1066
1;1;1;0;0;1;1;0;1;1067
1;1;1;0;0;1;1;0;1;1068
1;1;1;0;0;1;1;0;1;1069
0;1;1;0;0;1;1;0;1;1070
1;1;1;0;0;1;1;0;1;1071
1;1;1;0;0;1;1;0;1;1072
1;1;1;0;0;1;1;0;1;1073
1;1;1;0;0;1;1;0;1;1074
1;1;1;0;0;1;1;0;1;1075
1;1;1;0;0;1;1;0;1;1076
1;1;1;0;0;1;1;0;1;1077
1;1;1;0;0;1;1;0;1;1078
1;1;1;0;0;1;1;0;1;1079
0;1;1;0;0;1;1;0;1;1080
0;1;1;0;0;1;1;0;1;1081
0;1;1;0;0;1;1;0;1;1082
0;1;1;0;0;1;1;0;1;1083
0;1;1;0;0;1;1;0;1;1084
0;1;1;0;0;1;1;1;1;1085
0;1;1;0;0;1;1;1;1;1086
0;1;1;0;0;1;1;0;1;1087
0;1;1;0;0;1;1;0;1;1088
0;1;1;0;0;1;1;0;1;1089
0;1;1;0;0;1;1;0;1;1090
0;1;1;0;0;1;1;0;1;1091
0;1;1;0;0;1;1;0;1;1092
0;1;1;0;0;1;1;0;1;1093
0;1;1;0;0;1;1;0;1;1094
1;1;1;0;0;1;1;0;1;1095
0;1;1;0;0;1;1;0;1;1096
1;1;1;0;0;1;1;0;1;1097
1;1;1;0;0;1;1;0;1;1098
1;1;1;0;0;1;1;0;1;1099
1;1;1;0;0;1;1;0;1;1100
0;1;1;0;0;1;1;0;1;1101
1;1;1;0;0;1;1;0;1;1102
1;1;1;0;0;1;1;0;1;1103
1;1;1;0;0;1;1;0;1;1104
1;1;1;0;0;1;1;0;1;1105
1;1;1;0;0;1;1;0;1;1106
1;1;1;0;0;1;1;0;1;1107
1;1;1;0;0;1;1;0;1;1108
1;1;1;0;0;1;1;0;1;1109
0;1;1;0;0;1;1;0;1;1110
1;1;1;0;0;1;1;0;1;1111
1;1;1;0;0;1;1;0;1;1112
1;1;1;0;0;1;1;0;1;1113
1;1;1;0;0;1;1;0;1;1114
1;1;1;0;0;1;1;0;1;1115
1;1;1;0;0;1;1;0;1;1116
0;1;1;0;0;1;1;0;1;1117
1;1;1;0;0;1;1;0;1;1118
1;1;1;0;0;1;1;0;1;1119
1;1;1;0;0;1;1;0;1;1120
1;1;1;0;0;1;1;0;1;1121
0;1;1;0;0;1;1;0;1;1122
1;1;1;0;0;1;1;0;1;1123
1;1;1;0;0;1;1;0;1;1124
1;1;1;0;0;1;1;0;1;1125
1;1;1;0;0;1;1;0;1;1126
0;1;1;0;0;1;1;0;1;1127
1;1;1;0;0;1;1;0;1;1128
1;1;1;0;0;1;1;0;1;1129
1;1;1;0;0;1;1;0;1;1130
0;1;1;0;0;1;1;0;1;1131
1;1;1;0;0;1;1;0;1;1132
1;1;1;0;0;1;1;0;1;1133
1;1;1;0;0;1;1;0;1;1134
1;1;1;0;0;1;1;0;1;1135
1;1;1;0;0;1;1;0;1;1136
1;1;1;0;0;1;1;0;1;1137
1;1;1;0;0;1;1;0;1;1138
1;1;1;0;0;1;1;0;1;1139
1;1;1;0;0;1;1;0;1;1140
0;1;1;0;0;1;1;0;1;1141
0;1;1;0;0;1;1;0;1;1142
0;1;1;0;0;1;1;0;1;1143
0;1;1;0;0;1;1;0;1;1144
0;1;1;0;0;1;1;0;1;1145
0;1;1;0;0;1;1;0;1;1146
0;1;1;0;0;1;1;0;1;1147
0;1;1;0;0;1;1;0;1;1148
0;1;1;0;0;1;1;0;1;1149
0;1;1;0;0;1;1;0;1;1150
0;1;1;0;0;1;1;0;1;1151
0;1;1;0;0;1;1;0;1;1152
0;1;1;0;0;1;1;0;1;1153
1;1;1;0;0;1;1;0;1;1154
1;1;1;0;0;1;1;0;1;1155
1;1;1;0;0;1;1;0;1;1156
1;1;1;0;0;1;1;0;1;1157
0;1;1;0;0;1;1;0;1;1158
1;1;1;0;0;1;1;0;1;1159
1;1;1;0;0;1;1;0;1;1160
1;1;1;0;0;1;1;0;1;1161
1;1;1;0;0;1;1;0;1;1162
1;1;1;0;0;1;1;0;1;1163
1;1;1;0;0;0;1;1;1;1164
1;1;1;0;0;0;1;1;1;1165
1;1;1;0;0;0;1;1;1;1166
0;1;1;0;0;0;1;1;1;1167
1;1;1;0;0;0;1;1;1;1168
1;1;1;0;0;0;1;1;1;1169
1;1;1;0;0;0;1;1;1;1170
1;1;1;0;0;0;1;1;1;1171
1;1;1;0;0;0;1;1;1;1172
1;1;1;0;0;0;1;1;1;1173
1;1;1;0;0;0;1;1;1;1174
1;1;1;0;0;0;1;1;1;1175
1;1;1;0;0;0;1;1;1;1176
1;1;1;0;0;0;1;1;1;1177
1;1;1;0;0;0;1;1;1;1178
1;1;1;0;0;0;1;1;1;1179
1;1;1;0;0;0;1;1;1;1180
1;1;1;0;0;0;1;1;1;1181
1;1;1;0;0;0;1;1;1;1182
1;1;1;0;0;0;1;1;1;1183
